English,Translation
Can I try it on?,আমি কি এটা পরে দেখতে পারি?
I have a big dog.,আমার একটা বড় কুকুর আছে।
How old do I look?,আমাকে দেখে কত বছর বয়স বলে মনে হয়?
I can now do that.,আমি এখন ওটা করতে পারবো।
I lent Tom my car.,আমি টমকে আমার গাড়ি ধার দিয়েছিলাম।
May I put it here?,আমি কি এটা এখানে রাখতে পারি?
Tom saw you do it.,টম তোমাকে এটা করতে দেখেছে।
You are in my way.,আপনি আমার রাস্তা আটকে রেখেছেন।
You are in my way.,তুমি আমার রাস্তা আটকে রেখেছো।
You are in my way.,তুই আমার রাস্তা আটকে রেখেছিস।
Can I have my keys?,আমি কি আমার চাবিটা পেতে পারি?
Can I see that one?,আমি কি ওটা দেখতে পারি?
Do you work at all?,তুমি কি আদৌ কাজ করো?
I agreed to buy it.,আমি এটি কিনতে সম্মত হয়েছিলাম।
I bought a new car.,আমি একটি নতুন গাড়ি কিনেছি।
I can fix all this.,আমি এই সব ঠিক করতে পারব।
I feel bad for him.,ওর জন্য খুব খারাপ লাগছে।
I feel bad for him.,তার জন্য খুব খারাপ লাগছে।
I had to walk home.,আমাকে হেঁটে বাড়ি যেতে হয়েছিল।
I have lost my key.,আমি আমার চাবি হারিয়ে ফেলেছি।
I play with my son.,আমি আমার ছেলের সঙ্গে খেলি।
I ran to my mother.,আমি আমার মায়ের কাছে দৌড়ে গেলাম।
I want a pet tiger.,আমি একটি পোষা বাঘ চাই।
I want to help you.,আমি তোমাকে সাহায্য করতে চাই।
I was here in 2013.,আমি এখানে ২০১৩ তে এসেছিলাম।
I was hit by a car.,আমার একটা গাড়িতে ধাক্কা লেগেছে।
I'd be happy to go.,আমি যেতে পারলে খুশি হবে।
May I take a photo?,আমি কি একটা ছবি তুলতে পারি?
Tom has a blue car.,টমের একটা নীল গাড়ি আছে।
Tom saw me do that.,টম আমাকে সেটা করতে দেখেছে।
We do what we want.,আমরা যা চাই তাই করি।
Where can I buy it?,আমি এটা কোথা থেকে কিনতে পারব?
Where can I buy it?,আমি ওটা কোথা থেকে কিনতে পারব?
Can I get a blanket?,আমি কি একটা চাদর পেতে পারি?
Can you swim at all?,তুমি কি আদৌ সাতার কাটতে পারো?
Could it be a virus?,এটা কি ভাইরাস হতে পারে?
Do you have my book?,আপনার কাছে কি আমার বইটা আছে?
Do you have my book?,তোমার কাছে কি আমার বইটা আছে?
Do you travel a lot?,আপনি কি অনেক বেশি ভ্রমণ করেন?
I can come at three.,আমি তিনটার সময় আসতে পারবো।
I can do this alone.,আমি এটা একা করতে পারি।
I forgot to ask Tom.,আমি টমকে জিজ্ঞেস করতে ভুলে গিয়েছিলাম।
I know you are rich.,আমি জানি যে তুমি ধনী।
I like both of them.,আমি তাদের দুজনকেই পছন্দ করি।
I make €100 a day.,আমি দিনে €১০০ আয় করি।
I see you are awake.,আমি দেখছি তুমি জেগে আছো।
I sent you a letter.,আমি আপনাকে একটি চিঠি পাঠিয়েছিলাম।
I want to marry you.,আমি তোমাকে বিয়ে করতে চাই।
I wish I could swim.,আমি যদি সাঁতার কাটতে পারতাম।
I'll be back at six.,আমি ছয়টা সময়ে ফিরে আসবো।
I'll be back at ten.,আমি দশটা সময়ে ফিরে আসবো।
I'll be back by six.,আমি ছয়টা সময়ের আগে ফিরে আসবো।
I'm proud of my son.,আমি আমার ছেলের উপর গর্বিত।
Is it far from here?,ওটা কি এখান থেকে অনেক দূরে?
Let's give it a try.,আমরা একবার চেষ্টা করেই দেখি!
No one but Tom left.,টম ছাড়া আর কেউ চলে যায়নি।
We must act at once.,আমাদের এখুনি কাজে লেগে পড়তে হবে।
You may go home now.,তুমি এবার বাড়ি যেতে পারো।
You may go home now.,আপনি এবার বাড়ি যেতে পারেন।
Can I turn on the TV?,আমি কি টিভি চালাতে পারি?
Could you help a bit?,আপনি কি একটু সাহায্য করতে পারেন?
Did you speak at all?,আপনি কি আদৌ কথা বলেছেন?
Do you like to study?,আপনি কি পড়াশোনা করতে পছন্দ করেন?
Do you see him often?,আপনি কি প্রায়ই তার সাথে দেখা করেন?
How are Tom and Mary?,টম এবং মেরি কেমন আছে?
I am counting on you.,আমি আপনার উপর নির্ভর করে আছি।
I am counting on you.,আমি তোমার উপর নির্ভর করে আছি।
I did that last year.,আমি ওটা গত বছর করেছিলাম।
I don't like to cook.,আমি রান্না করতে পছন্দ করি না।
I don't want to cook.,আমি রান্না করতে চাই না।
I have a new red car.,আমার একটা নতুন লাল গাড়ি আছে।
I just can't take it.,আমি আর এটা নিতে পারছি না।
I like to eat apples.,আমি আপেল খেতে পছন্দ করি।
I live and work here.,আমি এখানে থাকি এবং কাজ করি।
I need to send a fax.,আমার একটা ফ্যাক্স পাঠানোর দরকার আছে।
I owe you an apology.,আমি তোমার কাছে ক্ষমা চাচ্ছি।
I saw Tom last night.,আমি কাল রাতে টমকে দেখেছিলাম।
I sold Tom a T-shirt.,আমি টমের কাছে একটি টি-শার্ট বিক্রি করেছি।
I think Tom is awake.,আমার মনে হয় টম জেগে আছে।
I want an MP3 player!,আমার একটা MP3 প্লেয়ার চাই!
I was late to school.,আমার স্কুল যেতে দেরী হয়েগেছিল।
I work at an embassy.,আমি একটি দূতাবাসে কাজ করি।
I'll be back at 2:30.,আমি সাড়ে দুইটা সময়ে ফিরে আসবো।
I'll be back by 2:30.,আমি সাড়ে দুইটা সময়ের আগে ফিরে আসবো।
May I ask a question?,আমি কি একটা প্রশ্ন করতে পারি?
May I turn on the TV?,আমি কি টিভি চালাতে পারি?
Tom and I were alone.,আমি আর টম একলা ছিলাম।
Tom lost his car key.,টম তার গাড়ির চাবি হারিয়ে ফেলেছে।
We can still do that.,আমরা এখনও সেটা করতে পারি।
Any child can do that.,যে কোনো শিশুই ওটা করতে পারে।
Any child can do that.,যে কোনো বাচ্চাই ওটা করতে পারে।
Can you get a day off?,তুমি কে একদিনের ছুটি নিতে পারবে?
Can you get a day off?,আপনি কে একদিনের ছুটি নিতে পারবেন?
Can you swim like Tom?,আপনি কি টমের মতো সাঁতার কাটতে পারেন?
Can you wait a minute?,তুমি কি এক মিনিটের জন্য অপেক্ষা করতে পারবে?
Can you wait a minute?,আপনি কি এক মিনিটের জন্য অপেক্ষা করতে পারবেন?
Do you have a vacancy?,আপনাদের কি ঘর খালি আছে?
Do you need a deposit?,কোনো টাকা জমা রাখতে হবে কি?
Does Tom need my help?,টমের কি আমার সাহায্য দরকার?
He acted as our guide.,উনি আমাদের পথপ্রদর্শক হিসাবে কাজ করলেন।
He is no longer a boy.,সে আর এখন ছোট ছেলে নেই।
He was 19 at the time.,তখন তার বয়স ছিল ১৯।
How high can you jump?,তুমি কত উঁচুতে লাফাতে পারো?
How much do I owe you?,আপনি আমার কাছ থেকে কত পাবেন?
I am 30 years old now.,আমার এখন তিরিশ বছর বয়স।
I am here on business.,আমি এখানে ব্যবসার জন্য এসেছি।
I bought it last week.,আমি গত সপ্তাহে এটা কিনেছিলাম।
I decided to call Tom.,আমি টমকে ফোন করার সিদ্ধান্ত নিলাম।
I found the book easy.,আমর বইটা সহজ বলে মনে হয়েছিল।
I had my money stolen.,আমার টাকা চুরি হয়ে গেছে।
I had my watch stolen.,আমার হাতঘড়ি চুরি হয়ে গেছে।
I know what Tom meant.,টম কী বুঝিয়েছি আমি জানি।
I promise I won't cry.,কথা দিচ্ছি আমি কাঁদবো না।
I think Tom went home.,আমার মনে হয় টম বাড়ি গেছে।
I want you to be here.,আমি চাই তুমি এখানে থাকো।
I won't be there long.,আমি সেখানে বেশিক্ষণ থাকব না।
Just try to keep calm.,একটু শান্ত থাকার চেষ্টা করো।
Just try to keep calm.,একটু শান্ত থাকার চেষ্টা করুন।
Just try to keep calm.,একটু শান্ত থাকার চেষ্টা কর।
Keep Tom away from me.,টমকে আমার থেকে দূরে রাখুন।
Keep Tom away from me.,টমকে আমার থেকে দূরে রাখো।
May I open the window?,আমি কি জানলাটা খুলতে পারি?
Nice to see you again.,আপনাকে আবার দেখে ভালো লাগলো।
Nice to see you again.,তোমাকে আবার দেখে ভালো লাগলো।
Nice to see you again.,তোমাদেরকে আবার দেখে ভালো লাগলো।
Nice to see you again.,আপনাদেরকে আবার দেখে ভালো লাগলো।
Please wake me at six.,আমাকে ছটার সময় জাগিয়ে দেবেন।
She can sew very well.,তিনি ভালো সেলাই করতে পারেন।
Tell Tom I'll be back.,টমকে বলেন যে আমি ফিরে আসবো।
The war ended in 1954.,যুদ্ধটা ১৯৫৪ সালে শেষ হয়েছিল।
Tom tried to hit Mary.,টম মেরিকে মারার চেষ্টা করলো।
Tom will be here soon.,টম এখানে খুব শিঘ্রই আসছে।
Tom's dog bit my hand.,টমের কুকুর আমার হাত কামড়ে দিয়েছে।
What are you here for?,আপনি এখানে কি জন্যে এসেছেন?
What are you here for?,তুমি এখানে কি জন্য এসেছো?
Where can I buy books?,আমি বই কোথা থেকে কিনতে পারব?
Why don't you ask Tom?,আপনি টমকে জিজ্ঞেস করছেন না কেন?
Why should I help you?,আমি কেন তোমাকে সাহায্য করব?
You must come with me.,তোমাকে আমার সাথে আসতেই হবে।
An old lady sang to me.,একজন বৃদ্ধা আমাকে গান গেয়ে শোনালেন।
Could I have the check?,আমি কি একটু চেকটা পেতে পারি?
Did you see him go out?,আপনি কি ওনাকে বেড়িয়ে যেতে দেখেছেন?
Did you see him go out?,তুমি কি ওনাকে বেড়িয়ে যেতে দেখেছো?
Do you have any others?,আপনার কাছে কি আর কিছু আছে?
Do you have any others?,আপনাদের কাছে কি আর কিছু আছে?
Do you like folk music?,আপনি কি লোক সঙ্গীত পছন্দ করেন?
Do you like old movies?,আপনি কি পুরানো সিনেমা পছন্দ করেন?
Do you want this shirt?,আপনি কি এই শার্ট চান?
Do you want to be rich?,আপনি কি ধনী হতে চান?
Does he live near here?,উনি কি কাছাকাছি কোথাও থাকেন?
Does he live near here?,সে কি কাছাকাছি কোথাও থাকে?
He knows where we live.,উনি জানেন আমরা কোথায় থাকি।
He knows where we live.,তিনি জানেন আমরা কোথায় থাকি।
He knows where we live.,ও জানে আমরা কোথায় থাকি।
He knows where we live.,সে জানে আমরা কোথায় থাকি।
He left Japan for good.,সে ভালোর জন্যই জাপান ত্যাগ করেছে।
He went to the dentist.,উনি দাঁতের ডাক্তারের কাছে গিয়েছিলেন।
He went to the dentist.,তিনি দাঁতের ডাক্তারের কাছে গিয়েছিলেন।
He went to the dentist.,সে দাঁতের ডাক্তারের কাছে গিয়েছিল।
I bought a new sweater.,আমি একটা নতুন সোয়েটার কিনলাম।
I bought a new sweater.,আমি নতুন একটা সোয়েটার কিনেছি।
I decided not to drink.,আমি পান না করার সিদ্ধান্ত নিয়েছি।
I don't agree with him.,আমি ওর সাথে একমত নই।
I don't agree with him.,আমি ওনার সাথে একমত নই।
I don't agree with him.,আমি তার সাথে একমত নই।
I don't agree with him.,আমি তাঁর সাথে একমত নই।
I don't like Tom's dog.,আমার টমের কুকুরকে ভালো লাগে না।
I don't like this song.,আমি এই গান পছন্দ করি না।
I don't like this song.,এই গান আমার ভালো লাগে না।
I don't want you to go.,আমি চাই না যে আপনি যান।
I don't want you to go.,আমি চাই না যে তুই যাস।
I just eat bananas now.,আমি এখন খালি কলা খাই।
I left my card at home.,আমি আমার কার্ড বাড়িতে রেখে এসেছি।
I saw him wash the car.,আমি ওনাকে গাড়ি ধুতে দেখলাম।
I saw him wash the car.,আমি ওকে গাড়ি ধুতে দেখলাম।
I think I lost my keys.,আমার মনে হয় আমি আমার চাবিটা হারিয়ে ফেলেছি।
I thought Tom was dead.,আমি ভেবেছিলাম টম মারা গেছিলো।
I want to cook for you.,আমি আপনার জন্য রান্না করতে চাই।
I want to cook for you.,আমি তোমার জন্য রান্না করতে চাই।
I want to hear who won.,আমি কে জিতলো শুনতে চাই।
I want to write a book.,আমি একটি বই লিখতে চাই।
I will gladly help you.,আমি খুশি মনে তোমাকে সাহায্য করব।
I will gladly help you.,আমি খুশি মনে আপনাকে সাহায্য করব।
I will gladly help you.,আমি খুশি মনে তোকে সাহায্য করব।
I'd like to see my son.,আমি আমার ছেলেকে দেখতে চাই।
I'd say Tom is jealous.,আমি বলবো যে টম ঈর্ষান্বিত।
I'll come back for you.,আমি তোমার জন্য ফিরে আসবো।
I'll come back for you.,আমি তোর জন্য ফিরে আসবো।
I'll come back for you.,আমি আপনার জন্য ফিরে আসবো।
Is Tom still mad at me?,টম কি এখনো আমার উপর রেগে আছে?
May I open the windows?,আমি কি জানলাগুলো খুলতে পারি?
May I start eating now?,আমি কি এখন খাওয়া শুরু করতে পারি?
My son came to my room.,আমার ছেলে আমার ঘরে এসেছিল।
My son can't count yet.,আমার ছেলে এখনো গুনতে পারে না।
My throat is a bit dry.,আমার গলাটা একটু শুকিয়ে গেছে।
No one man could do it.,কোনো একজন মানুষ এটা করতে পারবে না।
She came late as usual.,সে যথারীতি দেরি করে এসেছে।
She knows what you did.,সে জানে তুমি কী করেছ।
Tell me which you want.,আপনার কোনটা দরকার আমাকে বলুন।
Tell me which you want.,তোমার কোনটা দরকার আমাকে বলো।
That war ended in 1954.,১৯৫৪ সালে যুদ্ধটি শেষ হয়।
The rain lasted a week.,বৃষ্টিটি এক সপ্তাহ ধরে চলেছিল।
Tom had no plan at all.,টমের কোনো পরিকল্পনাই ছিল না।
Tom is good at cooking.,টম খুব ভালো রান্না করতে পারে।
Tom knows me very well.,টম আমাকে খুব ভালোভাবে চেনে।
Tom rolled over in bed.,টম বিছানায় পাশ ফিরে শুলো।
Tom said he was afraid.,টম বলেছিল যে সে ভীত ছিল।
Tom sent Mary a letter.,টম মেরিকে একটা চিঠি পাঠালো।
Tom told me that today.,টম আমাকে সেটা আজকে বললো।
We can finish it later.,আমরা এটা পরেও শেষ করতে পারি।
We met a few weeks ago.,আমরা কয়েক সপ্তাহ আগে দেখা করেছিলাম।
We write our own songs.,আমরা আমাদের নিজেদের গান লিখি।
We write our own songs.,আমাদের নিজেদের গান নিজেরাই লিখি।
What time did Tom call?,টম কটার সময় ফোন করেছিল?
Where can I buy stamps?,আমি স্ট্যাম্প কোথা থেকে কিনতে পারব?
Where can I get stamps?,আমি স্ট্যাম্প কোথা থেকে পাব?
Why don't you go first?,আপনি আগে যাচ্ছেন না কেন?
You may use my new car.,তুমি আমার নতুন গাড়িটা ব্যবহার করতে পারো।
You may use my new car.,আপনি আমার নতুন গাড়িটা ব্যবহার করতে পারেন।
Are you referring to me?,আপনি কি আমার ব্যপারে বলছেন?
Ask me again in October.,আমাকে আবার অক্টোবরে জিজ্ঞাসা করবেন।
Can I ask you something?,আমি কি আপনাকে কিছু জিজ্ঞেস করতে পারি?
Can I take a look at it?,আমি কি এটা একটু দেখেতে পারি?
"Can you help me, please?",আপনি কি দয়া করে আমাকে সাহায্য করতে পারবেন?
Did you hear that sound?,আপনি কি ঐ শব্দটি শুনেছেন?
Do you have any pencils?,আপনার কাছে কোনো পেনসিল আছে?
Do you still read books?,আপনি কি এখনো বই পড়েন?
Do you still read books?,তুমি কি এখনো বই পড়ো?
Do you think Tom did it?,আপনি কি মনে করেন টম এটা করেছে?
Do you want fruit juice?,আপনি কি ফলের রস খেতে চান?
Do you want fruit juice?,তুমি কি ফলের রস খেতে চাও?
Don't let it get soiled.,এটাকে নোংরা হতে দিও না।
Don't let it get soiled.,এটাকে নোংরা হতে দেবেন না।
Have I arrived too late?,আমি কি একটু বেশীই দেরি করে ফেলেছি?
He behaves like a child.,সে বাচ্চাদের মতো আচরণ করে।
He is not what he seems.,তাকে যা মনে হয় সে তা নয়।
He saved me from danger.,তিনি আমাকে বিপদ থেকে রক্ষা করেছেন।
Here is my phone number.,এই হলো আমার ফোন নাম্বার।
How do you keep so calm?,আপনি কি করে এতো শান্ত থাকতে পারেন?
How do you keep so calm?,তুমি কি করে এতো শান্ত থাকতে পার?
How do you keep so calm?,তুই কি করে এতো শান্ত থাকতে পারিস?
How far is it from here?,ওটা এখান থেকে কতটা দূরে?
I can only speak French.,আমি খালি ফরাসি ভাষায় কথা বলতে পারি।
I can't find my luggage.,আমি আমার মালপত্র খুজে পাচ্ছি না।
I can't use a fork well.,আমি কাঁটা-চামচ ভালোভাবে ব্যবহার করতে পারি না।
"I did do that, didn't I?","আমি ওটা করেছি, তাই না?"
"I did do that, didn't I?","আমি আসলেই ওটা করেছি, তাই না?"
I do not understand you.,আমি আপনার কথা বুঝতে পারছি না।
I do not understand you.,আমি তোমার কথা বুঝতে পারছি না।
"I don't like it, either.",আমিও এটা পছন্দ করি না।
I don't want it anymore.,আমার আর এটা দরকার নেই।
I don't want it anymore.,আমার আর ওটা দরকার নেই।
I don't want it anymore.,আমার আর সেটা দরকার নেই।
I don't want to be here.,আমি এখানে থাকতে চাই না।
I don't want to eat now.,আমি এখন খেতে চাই না।
I don't want to go back.,আমি ফিরে যেতে চাই না।
I don't want to go home.,আমি বাড়ি যেতে চাই না।
I fell in love with him.,আমি ওনার প্রেমে পড়ে গেলাম।
I fell in love with him.,আমি তার প্রেমে পড়ে গেলাম।
I fell in love with him.,আমি ওর প্রেমে পড়ে গেলাম।
I finally found my keys.,আমি অবশেষে আমার চাবিগুলো পেয়েছি।
I had breakfast at 7:30.,আমি ৭:৩০ টায় সকালের নাস্তা খেয়েছি।
I had some things to do.,আমার কিছু কাজ করার ছিল।
I have an exam tomorrow.,আগামীকাল আমার একটা পরীক্ষা আছে।
I have finished my work.,আমি আমার কাজ শেষ করেছি।
I have hardly any money.,আমার কোনো টাকা নেই বললেই চলে।
I hope you'll pardon me.,আশা করি আপনি আমায় ক্ষমা করবেন।
I know all my neighbors.,আমি আমার সব প্রতিবেশীকে চিনি।
I know why you're upset.,তোমার মন খারাপ কেন আমি জানি।
I missed the 7:00 train.,আমি ৭ঃ০০টার ট্রেনটা ধরতে পারিনি।
I only have one blanket.,আমার কাছে মাত্র একটাই কম্বল আছে।
I slowly opened my eyes.,আমি আস্তে আস্তে চোখ খুললাম।
I think Tom works there.,আমার মনে হয় টম এখানে কাজ করে।
I won't forget that day.,সেদিনের কথা আমি ভুলবো না।
I'll be back by evening.,আমি সন্ধ্যার আগে ফিরে আসবো।
I'll be back in a month.,আমি এক মাসের মধ্যে ফিরে আসবো।
I'll see you next month.,আমি আপনার সঙ্গে আগামী মাসে দেখা করব।
I'll stay here with you.,আমি তোমার সাথে এখানে থাকব।
I'm at a loss for words.,আমি কোনো শব্দ খুজে পাচ্ছি না।
I'm now able to do that.,আমি এখন ওটা করতে পারবো।
Is it safe to swim here?,এখানে সাঁতার কাটা কি নিরাপদ?
Is your husband at home?,আপনার স্বামী কি বাড়িতে আছেন?
"Like I said, no problem.","যেমন আমি বলেছি, কোন সমস্যা নেই।"
May I see your passport?,আমি কি আপনার পাসপোর্টটি দেখতে পারি?
May I swim in this lake?,আমি কি এই হ্রদে সাঁতার কাটতে পারি?
May I use a credit card?,আমি কি ক্রেডিট কার্ড ব্যবহার করতে পারি?
Please get away from me.,আমার কাছ থেকে দূরে সরে যান।
She asked me a question.,তিনি আমাকে একটি প্রশ্ন জিজ্ঞাসা করেছেন।
The police are after me.,পুলিশ আমার পেছনে পড়ে আছে।
This isn't an easy task.,এটি কোনো সহজ কাজ নয়।
"Tom did that, didn't he?","টম ওটা করেছে, তাই না?"
Tom tried but he failed.,টম চেষ্টা করেছে কিন্তু সে ব্যর্থ হয়েছে।
Tom was elected in 2013.,টম ২০১৩ এ নির্বাচিত হয়েছিলো।
Tom was with me all day.,টম আমার সঙ্গে সারা দিন ছিল।
Turn left at the corner.,মোড়ে গিয়ে বাঁদিকে বেঁকে যাবেন।
We need to stay focused.,আমাদের মনোযোগ বজায় রাখতে হবে।
We were waiting for Tom.,আমরা টমের জন্য অপেক্ষা করছিলাম।
We were waiting for you.,আমরা তোমার জন্য অপেক্ষা করছিলাম।
We were waiting for you.,আমরা তোর জন্য অপেক্ষা করছিলাম।
We were waiting for you.,আমরা আপনার জন্য অপেক্ষা করছিলাম।
We'll take a break soon.,আমরা শীঘ্রই একটি বিরতি নেব।
What if it's not enough?,এটা যথেষ্ট না হলে কী হবে?
What they did was wrong.,ওনারা যা করেছেন সেটা ভুল।
What they did was wrong.,ওরা যা করেছে সেটা ভুল।
What time do you get up?,আপনি কটার সময় ঘুম থেকে ওঠেন?
What time do you get up?,তুমি কটার সময় ঘুম থেকে ওঠো?
What time does it close?,কটার সময এটা বন্ধ হয়?
What time does it close?,এটা কটার সময় বন্ধ হয়?
What's Tom trying to do?,টম কী করার চেষ্টা করছে?
When do you go shopping?,আপনি কখন কেনাকাটা করতে যান?
Where can I buy tickets?,আমি টিকিট কোথা থেকে কিনতে পারব?
Where did Tom call from?,টম কোথা থেকে ফোন করেছিল?
Where does she live now?,তিনি এখন কোথায় বাস করেন?
Who wants to talk to me?,কে আমার সাথে কথা বলতে চায়?
Will he succeed or fail?,সে কি সফল হবে নাকি ব্যর্থ হবে?
You don't have to study.,তোমাকে পড়াশুনা করতে হবে না।
"You saw Tom, didn't you?","তুমি টমকে দেখেছ, তাই না?"
"You saw Tom, didn't you?","তুমি টমকে দেখেছিলে, তাই না?"
"You saw Tom, didn't you?","আপনি টমকে দেখেছিলেন, তাই না?"
"I'll be back, said Tom.","আমি ফিরে আসবো, টম বল্লো।"
Can I change the channel?,আমি কি চ্যানেলটা পালটাতে পারি?
Can I pay by credit card?,আমি কি ক্রেডিট কার্ড দিয়ে দাম দিতে পারি?
Can you tell me the time?,আপনি কি আমাকে সময়টা বলতে পারবেন?
China is a large country.,চীন অনেক বড় একটি দেশ।
Could I have some towels?,আমি কি কয়েকটা টাওয়েল পেতে পারি?
Could we talk in private?,আমরা কি একান্তে কথা বলতে পারি?
Did you ask them to wait?,আপনি কি তাদের অপেক্ষা করতে বলেছেন?
Do I need to book a seat?,আমাকে কি আসন সংরক্ষণ করতে হবে?
Do whatever he tells you.,উনি যা বলেন তাই করো।
Do whatever he tells you.,ও যা বলে তাই করো।
Do you feel better today?,তুমি কি আজ ভালো বোধ করছো?
Do you have a pen on you?,আপনার কাছে একটা পেন হবে?
Do you have a pen on you?,তোমার কাছে একটা পেন হবে?
Do you know what he said?,আপনি কি জানেন উনি কী বললেন?
Do you know what he said?,তুমি কি জানো উনি কী বললেন?
Do you know what he said?,আপনি কি জানেন ও কী বললো?
Do you know what he said?,তুমি কি জানো ও কী বললো?
He jumped onto the table.,সে টেবিলের ওপর ঝাঁপিয়ে পড়ল।
He jumped out the window.,তিনি জানালা দিয়ে লাফ দিয়েছেন।
He turned pale with fear.,সে ভয়ে ফ্যাকাশে হয়ে গেল।
How are we feeling today?,আজ আপনি কেমন অনুভব করছেন?
How could they forget us?,তারা আমাদের কী করে ভুলে যেতে পারে?
How could they forget us?,ওরা আমাদের কী করে ভুলে যেতে পারে?
How could they forget us?,তাঁরা আমাদের কী করে ভুলে যেতে পারেন?
How could they forget us?,ওনারা আমাদের কী করে ভুলে যেতে পারেন?
How did this get started?,এটা শুরু হলো কী ভাবে?
How long do we stop here?,আমরা এখানে কতক্ষণের জন্য থামব?
How much will it cost me?,এটায় আমার কত খরচ হবে?
How much will you pay me?,আপনি আমাকে কত টাকা দেবেন?
How old is that painting?,এই আঁকা ছবিটার বয়স কত?
I admit that I was wrong.,আমি স্বীকার করছি যে আমি ভুল ছিলাম।
I bought a pair of shoes.,আমি এক জোড়া জুতো কিনলাম।
I can't accept your gift.,আমি আপনার উপহার গ্রহণ করতে পারব না।
I can't thank you enough.,তোমাকে ধন্যবাদ জানানোর ভাষা আমার নেই।
I didn't have any choice.,আমার কাছে কোনো উপায় ছিল না।
I didn't want to do that.,আমি ওটা করতে চাই নি।
I didn't want to do that.,আমি সেটা করতে চাই নি।
I don't like you anymore.,আমার আর তোমাকে ভালো লাগে না।
I don't like you anymore.,আমার আর আপনাকে ভালো লাগে না।
I don't need your advice.,তোমার উপদেশের কোনো প্রয়োজন আমার নেই।
I don't want to go alone.,আমি একা যেতে চাই না।
I don't want to go there.,আমি ওখানে যেতে চাই না।
I drank yours by mistake.,আমি ভুল করে আপনারটা পান করেছি।
I found his house easily.,আমি সহজেই ওনার বাড়ি খুজে পেয়েছিলাম।
I found his house easily.,আমি সহজেই তাঁর বাড়ি খুজে পেয়েছিলাম।
I found his house easily.,আমি সহজেই ওর বাড়ি খুজে পেয়েছিলাম।
I found his house easily.,আমি সহজেই তার বাড়ি খুজে পেয়েছিলাম।
I hope that won't happen.,আশা করি সেটা ঘটবে না।
I hope that won't happen.,আশা করছি সেটা হবে না।
I lost your phone number.,আমি আপনার ফোন নাম্বারটা হারিয়ে ফেলেছি।
I lost your phone number.,আমি তোমার ফোন নাম্বারটা হারিয়ে ফেলেছি।
I need five more minutes.,আমার আর পাঁচ মিনিট লাগবে।
I never said that to Tom.,আমি কখনই টমকে তা বলিনি।
I was at a movie theater.,আমি একটা সিনেমা হলে ছিলাম।
I was born in that house.,ঐ ঘরে আমার জন্ম হয়েছিলো।
I will not tolerate this.,আমি এটা বরদাস্ত করবো না।
I'll be back by midnight.,আমি মধ্যরাতের আগে ফিরে আসবো।
I'll be back in a minute.,আমি এক মিনিটের মধ্যে ফিরে আসবো।
I'll stay here until ten.,আমি এখানে দশটা অবধি থাকবো।
I'm not a morning person.,আমি সকাল সকাল ঘুম থেকে উঠি না।
I'm not feeling too well.,আমার শরীর খুব একটা ভালো লাগছে না।
I'm really happy for Tom.,আমি টমের জন্য খুব খুশি।
"I'm sorry, but it's time.",আমি দুঃখির কিন্তু সময় হয়ে গেছে।
I've got to speak to you.,আপনার সাথে আমার কিছু কথা আছে।
Is the museum open today?,জাদুঘরটা কি আজ খোলা আছে?
Is there any mail for me?,আমার জন্য কোনো ডাক আছে?
It's a quote from a book.,এই উক্তিটি একটি বই থেকে নেওয়া হয়েছে।
Mary is wearing a bikini.,মেরি একটি বিকিনি পরে আছে।
My mother is a good cook.,আমার মা একজন ভালো রাঁধুনি।
No one says that anymore.,এখন আর কেউ ওসব বলে না।
"Pass me the salt, please.",অনুগ্রহ করে নুনটা এগিয়ে দেবেন।
Please take your hat off.,দয়া করে আপনার টুপিটি খুলুন।
Salt is used to thaw ice.,বরফ গলাবার জন্য নুন ব্যাবহার করা হয়।
There was nothing to see.,দেখার মতো কিছু ছিল না।
They don't seem that bad.,তাদের তেমন খারাপ মনে হয় না।
This is driving me crazy.,এটা আমাকে পাগল করে দিচ্ছে।
Tom doesn't eat raw fish.,টম কাঁচা মাছ খায় না।
Tom has given us so much.,টম আমাদের কতো কিছু দিয়েছে।
Tom is going to hurt you.,টম তোমাকে আঘাত করতে যাচ্ছে।
Tom is lying on his back.,টম চিৎ হয়ে শুয়ে আছে।
Tom is used to hard work.,টম কঠিন কাজ করতে অভ্যস্ত।
Tom kept his eyes closed.,টম তার চোখ বন্ধ রেখেছিল।
Tom kept his eyes closed.,টম তাঁর চোখ বন্ধ রেখেছিলেন।
Tom kept his eyes closed.,টম ওর চোখ বন্ধ রেখেছিল।
Tom kept his eyes closed.,টম ওনার চোখ বন্ধ রেখেছিলেন।
Tom knew I was irritated.,টম জানত আমি বিরক্ত ছিলাম।
Tom looked like a zombie.,টম দেখতে জম্বির মতো লাগছিলো।
Tom slept in his clothes.,টম তার জামা পরেই ঘুমিয়েছে।
Tom turned his phone off.,টম তার ফোন বন্ধ করে দিয়েছে।
We do what we want to do.,আমরা যা করতে চাই তাই করি।
We do what we want to do.,আমরা যা চাই তাই করি।
We have to sell it today.,আজই আমাদের এটা বিক্রি করতে হবে।
What do I have to change?,আমায় কী পরিবর্তন করতে হবে?
What he said is not true.,উনি যা বললেন তা সত্যি নয়।
What he said is not true.,ও যা বললো তা সত্যি নয়।
What you said isn't true.,আপনি যা বললেন তা সত্যি নয়।
When do you drink coffee?,আপনি কখন কফি পান করেন?
Where can I buy a ticket?,আমি টিকিট কোথা থেকে কিনতে পারব?
Who are you running from?,আপনি কার কাছ থেকে পালাচ্ছেন?
Why don't you just leave?,তুমি চলে যাচ্ছ না কেন?
Why not go to the movies?,সিনেমা দেখতে যাবেন না কেন?
You all need to help Tom.,তোমাদের টমকে সাহায্য করতে হবে।
"You can dance, can't you?","আপনি নাচতে পারেন, তাই না?"
"You can dance, can't you?","তুমি নাচতে পার, তাই না?"
You can eat all you want.,আপনি যত ইচ্ছে তত খেতে পারেন।
You can eat all you want.,তুমি যত ইচ্ছে তত খেতে পা্রো।
You can eat all you want.,আপনারা যত ইচ্ছে তত খেতে পারেন।
You can eat all you want.,তোমরা যত ইচ্ছে তত খেতে পারো।
You can't lift the piano.,তুমি পিয়ানোটা তুলতে পারবে না।
You can't lift the piano.,আপনি পিয়ানোটা তুলতে পারবেন না।
You don't have any proof.,তোমার কাছে কোনো প্রমাণ নেই।
"You like rain, don't you?","আপনি বৃষ্টি পছন্দ করেন, তাই না?"
Your book is on the desk.,তোমার বই ডেস্কের উপর রয়েছে।
Your book is on the desk.,আপনার বই ডেস্কের উপর রয়েছে।
A horse can run very fast.,ঘোড়া খুব দ্রুত দৌড়াতে পারে।
A year has already passed.,ইতিমধ্যে এক বছর পেরিয়ে গেছে।
All's well that ends well.,"শেষ ভালো যার, সব ভালো তার।"
Are we eating out tonight?,আমরা কি আজ বাইরে খাবো?
Are you married or single?,আপনি বিবাহিত না কি অবিবাহিত?
Can you get my bill ready?,আপনি কি আমার বিলটা তৈরি রাখতে পারবেন?
Can you recommend a hotel?,আপনি কোনো হোটেল সুপারিশ করতে পারবেন?
Could you show Tom around?,তুমি কি টমকে চারপাশটা দেখিয়ে আনতে পারবে?
Could you show Tom around?,আপনি কি টমকে চারপাশটা দেখিয়ে আনতে পারবেন?
Did you get Tom's message?,তুমি কি টমের বার্তাটা পেয়েছো?
Did you get Tom's message?,আপনি কি টমের বার্তাটা পেয়েছেন?
Do you have a bigger bowl?,আপনার কাছে কি আরো বড় বাটি আছে?
Do you have a larger size?,আপনার কাছে কি আরো বড় মাপের কিছু আছে?
Do you have any vacancies?,আপনাদের কি ঘর খালি আছে?
Do you have your passport?,আপনার কাছে কি আপনার পাসপোর্টটা আছে?
Do you take me for a fool?,আপনি কি আমাকে বোকা মনে করেন?
Does Tom know you're here?,টম কি জানে যে তুমি এখানে?
Does Tom know you're here?,টম কি জানে যে আপনি এখানে?
Even I can't believe that.,আমি এটা বিশ্বাস করতে পারছি না।
Few Indians live in Japan.,জাপানে কিছু ভারতীয় বসবাস করে।
He eats nothing but fruit.,সে ফল ছাড়া আর কিছুই খায় না।
He eats nothing but fruit.,উনি ফল ছাড়া আর কিছুই খান না।
He eats nothing but fruit.,তিনি ফল ছাড়া আর কিছুই খান না।
He eats nothing but fruit.,ও ফল ছাড়া আর কিছুই খায় না।
He will be ten next April.,ও পরের এপ্রিলে দশ বছরের হবে।
His story may not be true.,তার গল্প সত্য নাও হতে পারে।
How can I get to gate A-1?,আমি A-1 গেটে কিভাবে যাব?
How did you get that idea?,কীভাবে আপনার এই ধারণা হলো?
How do I get to Chinatown?,আমি চায়না টাউন কিভাবে যাব?
How much sugar do you use?,আপনি কতটা চিনি ব্যবহার করেন?
How well did you know Tom?,টমকে আপনি কতটা ভালো করে চেনেন?
I am not a morning person.,আমি সকাল সকাল ঘুম থেকে উঠি না।
I can prove that Tom lied.,আমি প্রমাণ করে দিতে পারি যে টম মিথ্যা বলেছে।
I can't bend my right arm.,আমি আমার ডান হাতটা মুড়তে পারছি না।
I can't explain it either.,আমিও এটা ঠিক বোঝাতে পারব না।
I can't lift my right arm.,আমি আমার ডান হাতটা তুলতে পারছি না।
I didn't want you to know.,আমি চাইনি যে তুমি জানো।
I do it because I want to.,আমার ইচ্ছে হয় তাই আমি এটা করি।
I don't care what he does.,উনি কী করেন না করেন আমি তা কেয়ার করি না।
I don't care what he does.,ও কী করে না করে আমি তা কেয়ার করি না।
I don't want you to leave.,আমি চাই না যে তুমি যাও।
I forgot his phone number.,আমি ওনার ফোন নাম্বারটা ভুলে গেছি।
I forgot his phone number.,আমি তার ফোন নাম্বারটা ভুলে গেছি।
I forgot his phone number.,আমি ওর ফোন নাম্বারটা ভুলে গেছি।
I have nothing to declare.,আমার কিছু বিবৃতি দেওয়ার নেই।
I have three little girls.,আমার তিনটা ছোট বাচ্চা আছে।
I knew Tom would ask that.,আমি জানতাম যে টম ওটা জিজ্ঞাসা করবে।
I like to listen to music.,আমি গান শুনতে পছন্দ করি।
I like to study languages.,আমি ভাষা অধ্যয়ন করতে পছন্দ করি।
I live in a small village.,আমি একট ছোট গ্রামে থাকি।
I need to be more careful.,আমার আরও সতর্ক হওয়া দরকার।
I really don't want to go.,আমি সত্যিই যেতে চাই না।
I think Tom is doing well.,আমার মনে হয় টম ভালোই আছে।
I think you both know Tom.,আমার মনে হয় আপনারা দুজনেই টমকে চেনেন।
I think you both know Tom.,আমার মনে হয় তোমরা দুজনেই টমকে চেনো।
I usually get up at eight.,সাধারণত আমি সকাল আটটায় ঘুম থেকে উঠি।
I want to buy a pineapple.,আমি একটা আনারস কিনতে চাই।
I want you to sing a song.,আমি চাই তুমি একটা গান গাও।
I'll be back in two hours.,আমি দুই ঘন্টার মধ্যে ফিরে আসবো।
I'm afraid of being fired.,আমি বরখাস্ত হওয়ার ভয়ে আছি।
I'm not very good at this.,আমি এতে খুব একটা ভালো নই।
I'm not very good at this.,আমি এই ব্যাপারে খুব একটা ভালো নই।
I'm very afraid of snakes.,আমি সাপকে খুব ভয় পাই।
I'm waiting for my mother.,আমি আমার মায়ের জন্য অপেক্ষা করছি।
I've met your kind before.,আপনার মতো লোক আমি আগেও দেখেছি।
Mary was wearing a bikini.,মেরি একটি বিকিনি পরিহিত অবস্থায় ছিল।
My birthday was last week.,গত সপ্তাহে আমার জন্মদিন ছিল।
My father helped me study.,আমার বাবা আমাকে পড়াশোনায় সাহায্য করতেন।
My father swims very well.,আমার বাবা খুব ভাল সাঁতার কাটতে পারে।
My grandfather was a hero.,আমার দাদা একজন নায়ক ছিলেন।
Nobody knows me in Boston.,বস্টনে আমাকে কেউ চেনে না।
Nobody knows who did that.,কে এই কাজ করেছে কেউ জানে না।
Please fill out this form.,অনুগ্রহ করে এই ফর্মটি পূরণ করুন।
She got sick this weekend.,গত সপ্তাহের শেষের দিকে উনি অসুস্থ হয়ে পরেছিলেন।
She got sick this weekend.,গত সপ্তাহের শেষের দিকে ও অসুস্থ হয়ে পরেছিলো।
Somebody tried to kill me.,কেউ আমাকে মেরে ফেলার চেষ্টা করেছে।
The sky started to darken.,আকাশটা অন্ধকার হতে শুরু করেছে।
There is a letter for you.,আপনার জন্য একটি চিঠি আছে।
There must be another way.,অন্য কোনো উপায় তো থাকবে।
This box isn't big enough.,এই বাক্সটি যথেষ্ট বড় নয়।
Tom died three days later.,টম তিন দিন পর মারা গেলো।
Tom lent Mary an umbrella.,টম ম্যারিকে ছাতা ধার দিয়েছিলো।
Tom promised he'd do that.,টম প্রতিশ্রুতি দিয়েছিল যে সে ওটা করবে।
Tom told me all about you.,টম আপনার সম্পর্কে আমাকে সব বলেছে।
Tom told me all about you.,টম আপনার ব্যাপারে আমাকে সব বলেছে।
Tom told me all about you.,টম আপনার বিষয় আমাকে সব বলেছে।
Tom told me to keep quiet.,টম আমাকে চুপ করতে বলল।
Tom wanted to talk to you.,টম আপনার সাথে কথা বলতে চেয়েছিল।
Tom wanted to talk to you.,টম তোমার সাথে কথা বলতে চেয়েছিল।
Tom wanted to talk to you.,টম তোর সাথে কথা বলতে চেয়েছিল।
"Turn on the light, please.",দয়া করে আলোটা জ্বালিয়ে দেবেন।
Wait for me. I'll be back.,আমার জন্য অপেক্ষা করো। ফিরে আসবো।
We both know that's a lie.,আমরা দুজনেই জানি যে এটা একটা মিথ্যে।
What do you need me to do?,তোমার জন্য আমি কী করতে পারি?
What was the last station?,এর আগের স্টেশনটা কি ছিল?
What you said is not true.,আপনি যা বললেন তা সত্যি নয়।
What you said is not true.,তুমি যা বললে তা সত্যি নয়।
Where can I buy envelopes?,আমি খাম কোথা থেকে কিনতে পারব?
Where can I wash my hands?,কোথায় আমি হাত ধুতে পারি?
Where is your friend from?,আপনার বন্ধু কোথা থেকে এসছে?
Who wants to come with me?,কে আমার সাথে আসতে চায়?
Why are you sitting there?,আপনি ওখানে বসে আছেন কেন?
Why are you sitting there?,তুমি ওখানে বসে আছো কেন?
You need a new girlfriend.,তোমার এখন একটা নতুন বান্ধবী চাই।
You should pay your debts.,আপনার নিজের ঋণ পরিশোধ করা উচিত।
You're sitting in my seat.,আপনি আমার সীটে বসে আছেন।
All is well that ends well.,"শেষ ভালো যার, সব ভালো তার।"
Anybody can make a mistake.,যে কেউ ভুল করতে পারে।
At what time does it close?,কটার সময এটা বন্ধ হয়?
At what time does it close?,এটা কটার সময় বন্ধ হয়?
Can you dance to this song?,আপনি কি এই গানে নাচতে পারবেন?
Can you dance to this song?,তুমি কি এই গানে নাচতে পারবে?
Can you keep an eye on Tom?,আপনি কি টমের উপর নজর রাখতে পারবেন?
Can you keep an eye on Tom?,তুমি কি টমের উপর নজর রাখতে পারবে?
Can you keep an eye on Tom?,তুই কি টমের উপর নজর রাখতে পারবি?
Can you show me on the map?,আপনি কি মানচিত্রে দেখাতে পারবেন?
Did you bring enough water?,পর্যাপ্ত পরিমাণে পানি এনেছেন তো?
Did you find your passport?,আপনি কি আপনার পাসপোর্টটা পেয়েছেন?
Did you go to school today?,তুমি কি আজ স্কুলে গিয়েছিলে?
Do I have to change trains?,আমাকে কি ট্রেন পাল্টাতে হবে?
Do you accept credit cards?,আপনারা কি ক্রেডিট কার্ড নেন?
Do you know a good dentist?,আপনি কি কোনো ভালো দাঁতের ডাক্তারকে চেনেন?
Do you know a good dentist?,তুমি কি কোনো ভালো দাঁতের ডাক্তারকে চে্নো?
Don't forget to invite Tom.,টমকে আমন্ত্রন জানাতে ভুলো না।
Eat whatever food you like.,আপনার যে খাবার পছন্দ হয় সেটা খান।
Eat whatever food you like.,আপনাদের যে খাবার পছন্দ হয় সেটা খান।
Eat whatever food you like.,তোমার যে খাবার পছন্দ হয় সেটা খাও।
Eat whatever food you like.,তোমাদের যে খাবার পছন্দ হয় সেটা খাও।
"Excuse me, what time is it?","ক্ষমা করবেন, এখন কটা বাজে?"
"Fill out this form, please.",অনুগ্রহ করে এই ফর্মটি পূরণ করুন।
He decided to quit smoking.,তিনি ধূমপান ছেড়ে দেওয়ার সিদ্ধান্ত নিলেন।
He had a bitter experience.,ওনার এক তিক্ত অভিজ্ঞতা হয়েছিলো।
He had a bitter experience.,ওর এক তিক্ত অভিজ্ঞতা হয়েছিলো।
He loses his temper easily.,উনি সহজেই ওনার মাথা গরম করে ফেলেন।
He loses his temper easily.,ও সহজেই ওর মাথা গরম করে ফেলে।
He reads a novel every day.,সে প্রতিদিন একটি করে উপন্যাস পড়ে।
He was elected mayor again.,উনি আবার মেয়র নির্বাচিত হন।
How does this machine work?,এই যন্ত্র কীভাবে কাজ করে?
How often do the buses run?,বাসগুলো কতক্ষণ অন্তর অন্তর চলে?
I am starting this evening.,আমি আজ সন্ধ্যেতে শুরু করব।
I believe you want to help.,আমি বিশ্বাস করি আপনি সাহায্য করতে চান।
I can't attend the meeting.,আমি মিটিঙে যেতে পারব না।
I can't attend the meeting.,আমি সভাতে উপস্থিত থাকতে পারব না।
I don't know what you mean.,আমি জানিনা আপনি কি বোঝাতে চাইছেন।
I don't know what you mean.,আমি জানিনা তুমি কি বোঝাতে চাইছো।
I don't like these remarks.,আমি এই ধরণের মন্তব্য পছন্দ করি না।
I don't think Tom was here.,আমার মনে হয় না টম এখানে ছিল।
I don't think Tom was here.,আমার মনে হয় না যে টম এখানে ছিল।
I don't want to go outside.,আমি বাইরে যেতে চাই না।
I don't want to go to work.,আমি কাজে যেতে চাই না।
I forget your phone number.,আমি আপনার ফোন নাম্বারটা ভুলে যাই।
I forget your phone number.,আমি তোমার ফোন নাম্বারটা ভুলে যাই।
I forgot to call him today.,আমি ওনাকে আজ ফোন করতে ভুলে গেছি।
I forgot your phone number.,আমি আপনার ফোন নাম্বারটা ভুলে গেছি।
I forgot your phone number.,আমি তোমার ফোন নাম্বারটা ভুলে গেছি।
I have read all his novels.,আমি তার সব উপন্যাস পড়েছি।
I knew Tom was from Boston.,আমি জানতাম টম বোস্টন থেকে এসেছে।
I promise that I won't cry.,কথা দিচ্ছি আমি কাঁদবো না।
I really do not want to go.,আমি সত্যিই যেতে চাই না।
I teach biology and French.,আমি জীববিজ্ঞান এবং ফরাসি ভাষা শেখাই।
I want to close my account.,আমি আমার অ্যাকাউন্টটা বন্ধ করতে চাই।
"I was born on June 4, 1974.","আমি ৪ঠা জুন, ১৯৭৪ এ জন্মগ্রহণ করেছিলাম।"
I was humiliated in public.,আমি জনসাধারণের সামনে অপমানিত হলাম।
I was scared half to death.,আমি ভয়ে অর্ধেক হয়ে গেছিলাম।
"I'd like a receipt, please.",অনুগ্রহ করে একটা রিসিট দেবেন।
I'd like to change my room.,আমি আমার ঘরটা পাল্টাতে চাই।
I'll be back at six-thirty.,আমি সাড়ে ছয়টা সময়ে ফিরে আসবো।
I'll be back in 30 minutes.,আমি ত্রিশ মিনিটের মধ্যে ফিরে আসবো।
I'll be back when I'm done.,যখন আমার শেষ হবে তখনই ফিরে আসবো।
I'm happy to see you again.,তোমাকে আবার দেখে খুশি হয়েছি।
I'm happy to see you again.,আপনাকে আবার দেখে খুশি হয়েছি।
I'm happy to see you again.,তোমাদেরকে আবার দেখে খুশি হয়েছি।
I'm happy to see you again.,আপনাদেরকে আবার দেখে খুশি হয়েছি।
I'm not kidding about this.,আমি এই বিষয়ে ইয়ার্কি করছি না।
I'm sorry about last night.,গত রাতের ঘটনায় আমি দুঃখিত।
I've met Tom several times.,আমি টমের সাথে অনেকবার দেখা করেছি।
Is there a hospital nearby?,কাছাকাছির মধ্যে কোন হাসপাতাল আছে?
It is just half past seven.,এখন সবে সাড়ে সাতটা বাজে।
It seems interesting to me.,এটা আমার কাছে আকর্ষণীয় মনে হচ্ছে।
My father works for a bank.,আমার বাবা ব্যাংকে চাকরি করেন।
My luggage has been stolen.,আমার মালপত্রটা চুরি হয়ে গেছে।
My son is taller than I am.,আমার ছেলে আমার থেকে লম্বা।
One language is not enough.,মাত্র একটি ভাষা যথেষ্ট নয়।
Please hand me that pencil.,দয়া করে আমাকে সেই পেন্সিলটি দিন।
Please take your shoes off.,অনুগ্রহ করে আপনার জুতা খুলে ফেলুন।
Rome wasn't built in a day.,রোম এক দিনে গড়ে ওঠেনি।
Take good care of yourself.,নিজের দিকে ভালো করে খেয়াল রাখবে।
Take good care of yourself.,নিজের দিকে ভালো করে খেয়াল রাখবেন।
This is never going to end.,এটা কখনোই শেষ হবে না।
This river is deepest here.,এই নদীটা এইখানে সবথেকে গভীর ।
Tom and Mary are screaming.,টম আর মেরি চিৎকার করছে।
Tom can dance like a robot.,টম রোবটের মতো নাচতে পারে।
Tom doesn't have any proof.,টমের কাছে কোনো প্রমান নেই।
Tom is likely to get fired.,টমকে বরখাস্ত করা হতে পারে।
Tom is my youngest brother.,টম আমার ভাইদের মাঝে সবচেইয়ে ছোট।
Tom is still looking at me.,টম এখনো আমার দিকে তাকিয়ে আছে।
Tom is taking a big chance.,টম একটা বড় ঝুঁকি নিচ্ছে।
Tom is writing a novel now.,টম এখন একটি উপন্যাস লিখছে।
Tom started singing a song.,টম একটা গান গাইতে শুরু করলো।
Tom wants to eat lunch now.,টম এখন লাঞ্চ খেতে চায়।
Tom was humiliated by Mary.,টম মেরি দ্বারা অপদস্ত হয়েছিলো।
Wait here till I come back.,আমি আসা পর্যন্ত এখানে অপেক্ষা করবেন।
Wait here till I come back.,আমি আসা পর্যন্ত এখানে অপেক্ষা কোরো।
We can't blame anyone else.,আমরা অন্য কাউকে দোষারোপ করতে পারি না।
We don't care what he does.,উনি কী করেন না করেন আমরা তা কেয়ার করি না।
We don't care what he does.,ও কী করে না করে আমরা তা কেয়ার করি না।
We're running out of water.,আমাদের পানি শেষ হয়ে যাচ্ছে।
What Tom did was dangerous.,টম যেটা করলো সেটা বিপজ্জনক।
What are you talking about?,তুমি কিসের ব্যপারে কথা বলছো?
What are you talking about?,আপনি কিসের ব্যাপারে কথা বলছেন?
What did you promise to do?,আপনি কী করার প্রতিশ্রুতি দিয়েছিলেন?
What time do you eat lunch?,আপনি দুপুরের খাবার কটার সময় খান?
What time do you eat lunch?,আপনি লাঞ্চ কটার সময় খান?
What time do you go to bed?,আপনি কটার সময় ঘুমাতে যান?
What time do you go to bed?,তুমি কটার সময় ঘুমাতে যাও?
Who would want to hurt Tom?,টমকে ব্যথা কে দিতে চেতো?
World War II ended in 1945.,দ্বিতীয় বিশ্বযুদ্ধ ১৯৪৫ সালে সমাপ্ত হয়েছিল।
You might enjoy this movie.,আপনার হয়তো সিনেমাটি ভালো লাগবে।
You must go to the dentist.,তোমার দাঁতের ডাক্তারের কাছে যাওয়া উচিৎ।
You must go to the dentist.,আপনার দাঁতের ডাক্তারের কাছে যাওয়া উচিৎ।
You ought to see a dentist.,আপনার একজন দাঁতের ডাক্তার দেখানো উচিৎ।
You ought to see a dentist.,তোমার একজন দাঁতের ডাক্তার দেখানো উচিৎ।
You shouldn't give up hope.,আপনার আশাহত হওয়া উচিত নয়।
You were Tom's only friend.,তুমিই টমের একমাত্র বন্ধু ছিলে।
You were Tom's only friend.,আপনিই টমের একমাত্র বন্ধু ছিলেন।
You're not listening to me.,তুমি আমার কথা শুনছ না।
All Tom wants to do is fish.,টম খালি মাছই ধরতে চায়।
Are you busy tomorrow night?,আপনি কি কাল রাতে ব্যস্ত থাকবেন?
Are you busy tomorrow night?,তুমি কি কাল রাতে ব্যস্ত থাকবে?
Are you busy tomorrow night?,তুই কি কাল রাতে ব্যস্ত থাকবি?
Are you taking any medicine?,আপনি কি কোনো ওষুধ খাচ্ছেন?
Can I leave my luggage here?,আমি কি আমার মালপত্র এখানে রেখে যেতে পারি?
Can I take photographs here?,আমি কি এখানে ছবি তুলতে পারি?
Did you leave the door open?,আপনি কি দরজা খোলা রেখেছিলেন?
Do you know Tom's real name?,আপনি কি টমের আসল নাম জানেন?
Do you like pineapple pizza?,আপনি আনারসের পিজ্জা পছন্দ করেন?
Do you want another blanket?,আপনি কি আরেকটি কম্বল নেবেন?
Do you want to learn French?,আপনি কি ফরাসি শিখতে চান?
Do you want to learn French?,তুমি কি ফরাসি শিখতে চাও?
Does Tom need my assistance?,টমের কি আমার সাহায্য দরকার?
Does Tom want to see me now?,টম কি আমার সাথে এখন দেখা করতে চায়?
Have you finished your work?,আপনি কি আপনার কাজ শেষ করেছেন?
He is a very sincere person.,তিনি অত্যন্ত আন্তরিক একজন মানুষ।
He looks like an honest man.,তাকে দেখে সৎ মনে হয়।
He played an important part.,তিনি গুরুত্বপূর্ণ একটি ভূমিকা পালন করেছেন।
He went there instead of me.,আমার পরিবর্তে তিনি সেখানে গেলেন।
How are you dealing with it?,আপনি কীভাবে এটি মোকাবেলা করছেন?
How far away is the airport?,এয়ারপোর্ট কত দুর এখান থেকে?
How long do you want it for?,তোমার এটা কত দিনের জন্য চাই?
I agree with you absolutely.,আমি আপনার সাথে পুরোপুরি একমত।
I am happy to see you again.,তোমাকে আবার দেখে খুশি হয়েছি।
I asked Tom to come with me.,আমি টমকে আমার সাথে আসতে বললাম।
I asked Tom where he'd been.,আমি টমকে জিজ্ঞাসা করলাম যে সে কোথায় ছিলো।
I asked Tom where he'd gone.,আমি টমকে জিজ্ঞাসা করলাম যে সে কোথায় গেছিলো।
I believe Tom is doing well.,আমার মনে হয় টম ভালোই আছে।
I believe you both know Tom.,আমার মনে হয় আপনারা দুজনেই টমকে চেনেন।
I believe you both know Tom.,আমার মনে হয় তোমরা দুজনেই টমকে চেনো।
I believed what Tom told me.,টম আমাকে যা বলেছিল আমি তা বিশ্বাস করেছিলাম।
I blame Tom for all of this.,এই সমস্ত কিছুর জন্য আমি টমকে দোষ দেব।
I called my good friend Tom.,আমি আমার ভালো বন্ধু টমকে ফোন করেছিলাম।
I can swim across the river.,আমি নদি সাঁতরে পার হতে পারি।
I can't be friends with Tom.,আমি টমের সঙ্গে বন্ধুত্ব রাখতে পারব না।
I can't think about Tom now.,আমি এখন টমের ব্যাপারে ভাবতে পারছি না।
I couldn't keep up with Tom.,আমি টমের সঙ্গে পেরে উঠিনি।
I didn't know Tom had a dog.,আমি জানতাম না যে টমের একটা কুকুর ছিল।
I didn't want Tom to see me.,আমি চাইছিলাম না টম আমাকে দেখতে পাক।
I didn't want Tom to see me.,আমি চাইছিলাম না টম আমাকে দেখুক।
I didn't want to insult Tom.,আমি টমকে অপমান করতে চাই নি।
I don't know Tom personally.,আমি টমকে ব্যক্তিগতভাবে চিনি না।
I don't know who killed Tom.,টমকে কে মেরেছে আমি জানি না।
I don't know who killed Tom.,আমি জানি না টমকে কে মেরেছে।
I don't need to talk to Tom.,আমার টমের সঙ্গে কথা বলার কোনো প্রয়োজন নেই।
I don't think Tom hates you.,আমার মনে হয় না টম আপনাকে ঘৃণা করে।
I don't think Tom likes you.,আমার মনে হয় না টম আপনাকে পছন্দ করে।
I don't want Tom to find me.,আমি চাই না টম আমাকে খুঁজে পাক।
I don't want Tom to hate me.,আমি চাই না টম আমাকে ঘৃণা করুক।
I don't want Tom to help me.,আমি চাই না টম আমাকে সাহায্য করুক।
I don't want to disturb Tom.,আমি টমকে বিরক্ত করতে চাই না।
I don't want to go near Tom.,আমি টমের কাছে যেতে চাই না।
I don't want to go swimming.,আমি সাঁতার কাটতে যেতে চাই না।
I don't want to go to sleep.,আমি ঘুমাতে যেতে চাই না।
I don't want to go with Tom.,আমি টমের সঙ্গে যেতে চাই না।
I don't want to go with Tom.,আমি টমের সাথে যেতে চাই না।
I don't want to go with you.,আমি তোমার সাথে যেতে চাই না।
I don't want to go with you.,আমি তোর সাথে যেতে চাই না।
I don't want to go with you.,আমি আপনার সাথে যেতে চাই না।
I don't want to look at Tom.,আমি টমের দিকে তাকাতে চাই না।
I don't want to talk to Tom.,আমি টমের সঙ্গে কথা বলতে চাই না।
I don't want to wake Tom up.,আমি টমকে জাগাতে চাই না।
I don't want you doing that.,আমি চাই না তুমি এটা করো।
I fell asleep while reading.,আমি পড়তে পড়তে ঘুমিয়ে গিয়েছিলাম।
I finally beat Tom at chess.,আমি অবশেষে টমকে দাবায় হারিয়েছি।
I found my hat in Tom's car.,আমি আমার টুপিটি টমের গাড়িতে পেয়েছি।
I go shopping every morning.,আমি প্রত্যেকদিন সকালে দোকানে যাই।
I got a call from Tom today.,আজ আমি টমের কাছ থেকে একটি কল পেয়েছিলাম।
I got up at 8 o'clock today.,আমি আজ ৮টার সময় উঠেছি।
I got your address from Tom.,আমি আপনার ঠিকানাটি টমের কাছে থেকে পেয়েছি।
I had nothing to say to Tom.,আমার টমকে কিছুই বলার ছিল না।
I had to show Tom something.,আমার টমকে কিছু দেখানোর ছিল।
I have to answer his letter.,আমাকে তার চিঠির জবাব দিতে হবে।
I have to ask Tom something.,আমার টমকে কিছু জিজ্ঞাসা করার আছে।
I hear you wanted to see me?,শুনলাম তুমি নাকি আমাকে দেখতে চাও?
I just want Tom to be happy.,আমি খালি চাই টম সুখে থাকুক।
I just want Tom to get well.,আমি খালি চাই টম ভাল হয়ে উঠুক।
I need a box about this big.,আমার একটা এই রকম বড় বাক্স দরকার।
I need to get off this ship.,আমাকে এই জাহাজ থেকে নেমে যেতে হবে।
I play tennis an hour a day.,আমি প্রতিদিন এক ঘণ্টা টেনিস খেলি।
I refuse to talk about that.,আমি সে বিষয়ে কথা বলতে রাজি নই।
I shouldn't have logged off.,আমার লগ আউট করা উচিৎ হয়নি।
I swear I've never hurt Tom.,আমি শপথ করে বলছি আমি কখনই টমকে আঘাত করিনি।
I think I can do that alone.,আমার মনে হয় আমি একাই ওটা করতে পারবো।
I thought I could trust you.,আমি ভেবেছিলাম আমি তোমাকে বিশ্বাস করতে পারি।
I thought Tom was in danger.,আমি ভেবেছিলাম টম বিপদে পরেছে।
I thought Tom was with Mary.,আমি ভেবছিলাম টম মেরির সঙ্গে ছিল।
I thought Tom would love it.,আমি ভেবছিলাম টমের এটা ভাল লাগবে।
I thought Tom would love it.,আমি ভাবলাম টমের এটা ভাল লাগবে।
I want Tom brought here now.,আমি চাই টমকে এখানে নিয়ে আসা হোক।
I want three pairs of socks.,আমার তিন জোরা মোজা চাই।
I want to ask Tom something.,আমি টমকে কিছু জিজ্ঞাসা করতে চাই।
I want to ask you about Tom.,আমি আপনার কাছে টমের ব্যপারে জিজ্ঞাসা করতে চাই।
I want to ask you about Tom.,আমি তোমার কাছে টমের ব্যপারে জিজ্ঞাসা করতে চাই।
I want to be as rich as Tom.,আমি টমের মত বড়লোক হতে চাই।
I want to be as rich as Tom.,আমি টমের মত ধনী হতে চাই।
I want to be as tall as Tom.,আমি টমের মত লম্বা হতে চাই।
I want to know where Tom is.,আমি চাই টম কোথায় আছে।
I want to know who did that.,কে ওটা করলো আমি জানতে চাই।
I want to make a local call.,আমি একটা লোকাল কল করতে চাই।
I want to see how Tom lives.,আমি দেখতে চাই টম কেমন ভাবে থাকে।
I want to send Tom a letter.,আমি টমকে একটা চিঠি পাঠাতে চাই।
I want to talk to Tom alone.,আমি টমের সঙ্গে একলা কথা বলতে চাই।
I want to talk to Tom first.,আমি সবার প্রথমে টমের সঙ্গে কথা বলতে চাই।
I want you to stay with Tom.,আমি চাই আপনি টমের সঙ্গে থাকুন।
I want you to stay with Tom.,আমি চাই তুমি টমের সঙ্গে থাকো।
I want you to stay with Tom.,আমি চাই তুই টমের সঙ্গে থাক।
I want you to work with Tom.,আমি চাই আপনি টমের সঙ্গে কাজ করুন।
I want you to work with Tom.,আমি চাই তুমি টমের সঙ্গে কাজ করো।
I want you to work with Tom.,আমি চাই তুই টমের সঙ্গে কাজ কর।
I was interviewed for a job.,চাকুরিটির জন্য আমার সাক্ষাৎকার নেওয়া হয়েছিল।
I'd like to open an account.,আমি একটা অ্যাকাউন্ট খুলতে চাই।
I'd like you to call me Tom.,আমার ইচ্ছা যে আপনি টমকে ডাকেন।
I'd like you to call me Tom.,আমার ইচ্ছা যে তুমি টমকে ডাকো।
I'd like you to call me Tom.,আমার ইচ্ছা যে তুই টমকে ডাকিস।
I'd like you to talk to Tom.,আমার ইচ্ছা যে তুমি টমের সঙ্গে কথা বলো।
I'd like you to talk to Tom.,আমার ইচ্ছা যে আপনি টমের সঙ্গে কথা বলেন।
I'd like you to talk to Tom.,আমার ইচ্ছা যে তুই টমের সঙ্গে কথা বলিস।
I'll be back before morning.,আমি সকালের আগে ফিরে আসবো।
I'll be back in ten minutes.,আমি দশ মিনিটের মধ্যে ফিরে আসবো।
I'll be back in three hours.,আমি তিন ঘন্টার মধ্যে ফিরে আসবো।
I'll be back in three weeks.,আমি তিন সপ্তাহের মধ্যে ফিরে আসবো।
I'll be back tomorrow night.,আমি কাল রাতে ফিরে আসবো।
I'll be back within an hour.,আমি এক ঘন্টার মধ্যে ফিরে আসবো।
I'll do that work by myself.,আমি নিজেই সেই কাজ করব।
I'll stop talking about you.,আমি আপনার সম্পর্কে কথা বলা বন্ধ করব।
"I'm a little busy here, Tom.","টম, আমি এখানে একটু ব্যস্ত আছি।"
I'm at home most of the day.,আমি দিনের বেশিরভাগ সময় বাড়িতেই থাকি।
I'm genuinely happy for Tom.,আমি সত্যি সত্যিই টমের জন্য খুশি হয়েছি।
I'm genuinely happy for Tom.,আমি প্রকৃতই টমের জন্য খুশি হয়েছি।
I'm not proud of what I did.,আমি যা করেছি তাতে আমি গর্বিত নই।
I'm not very busy right now.,আমি এই মুহূর্তে খুব একটা ব্যস্ত নই।
I'm not very good at French.,আমি ফরাসিতে খুব একটা ভালো নই।
I've decided not to sue you.,আমি তোমার বিরুদ্ধে মামলা না করার সিদ্ধান্ত নিয়েছি।
I've learned a lot from Tom.,আমি টমের থেকে অনেক কিছু শিখেছি।
I've learned a lot from you.,আমি আপনার থেকে অনেক কিছু শিখেছি।
I've learned a lot from you.,আমি তোমার থেকে অনেক কিছু শিখেছি।
I've never seen Tom happier.,আমি টমকে এর থেকে খুশি কখনো দেখিনি।
Is Tom able to speak French?,টম কি ফরাসি বলতে সক্ষম?
Is that your new girlfriend?,ওটা কি তোমার নতুন বান্ধবী?
It was entirely Tom's fault.,এটা পুরোপুরিই টমের দোষ ছিলো।
It's been snowing all night.,সারা রাত ধরে বরফ পরছে।
Let's find a way to do that.,আসুন এটি করার একটি উপায় খুঁজে বের করি।
Let's find out where Tom is.,টম কোথায় আছে খোঁজা যাক।
Let's see what Tom is up to.,দেখা যাক টম কি করছে।
Let's talk about that later.,সেটা নিয়ে পরে কথা বলি।
Let's try to make Tom laugh.,টমকে হাসানোর চেষ্টা করা যাক।
Look at me and do what I do.,আমার দিকে তাকাও আর আমি যা করি তাই করো।
Look at me and do what I do.,আমাকে দেখো আর আমি যা করি তাই করো।
May I have a glass of water?,আমি কি এক গ্লাস পানি পেতে পারি?
May I look at your passport?,আমি কি আপনার পাসপোর্টটি দেখতে পারি?
Most people think I'm crazy.,বেশীভাগ লোক আমাকে পাগল ভাবে।
My room has only one window.,আমার ঘরে একটাই জানালা আছে।
Please read the whole story.,অনুগ্রহ করে পুরো গল্পটি পড়ুন।
Rabbits like to eat carrots.,খরগোশ গাজর খেতে পছন্দ করে।
She didn't order dinner yet.,সে এখনো রাতের খাবারের অর্ডার দেয়নি।
She didn't order dinner yet.,তিনি এখনও রাতের খাবার আনতে বলেননি।
She didn't tell me her name.,উনি আমাকে ওনার নাম বলেননি।
She didn't tell me her name.,ও আমাকে ওর নাম বলেনি।
She didn't tell me her name.,তিনি আমাকে তাঁর নাম বলেননি।
She didn't tell me her name.,সে আমাকে তার নাম বলেনি।
She was wearing a black hat.,সে একটা কালো টুপি পরেছিল।
Snow fell early this winter.,এই বছর আগেভাগেই তুষারপাত হয়েছে।
The computer might not work.,কম্পিউটারটি কাজ নাও করতে পারে।
They died one after another.,তারা একজন একজন করে মারা গেল।
This pen doesn't write well.,এই কলমটা ভালো মতন লিখে না।
Those who know him like him.,যারা তাকে চেনে তারা তাকে পছন্দ করে।
Tom and Mary are very happy.,টম আর মেরি খুব খুশি।
Tom and Mary want to see us.,টম আর মেরি আমাদের সঙ্গে দেখা করতে চায়।
Tom can't come over tonight.,টম আজ রাতে আসতে পারবে না।
Tom doesn't even want to go.,এমনকি টম যেতেও চায় না।
Tom doesn't look very happy.,টমকে দেখে খুব খুশি বলে মনে হচ্চে না।
Tom doesn't want to be here.,টম এখানে থাকতে চায় না।
Tom doesn't want to do that.,টম ওটা করতে চায় না।
Tom doesn't want to do this.,টম এটা করতে চায় না।
Tom doesn't want to give up.,টম হাল ছেড়ে দিতে চায় না।
Tom doesn't want to hear it.,টম এটা শুনতে চায় না।
Tom doesn't want to hurt us.,টম আমাদের আঘাত দিতে চায় না।
Tom doesn't want to see you.,টম আপনার সঙ্গে দেখা করতে চায় না।
Tom doesn't want to see you.,টম তোমার সঙ্গে দেখা করতে চায় না।
Tom doesn't want to see you.,টম তোর সঙ্গে দেখা করতে চায় না।
Tom has never been so happy.,টম এত খুশি কখনো হয় নি।
Tom has too much work to do.,টমের অনেক কাজ করা বাকি আছে।
Tom is a good husband to me.,টম আমার কাছে একজন ভালো স্বামী।
"Tom is in trouble, isn't he?","টম ঝামেলায় পরেছে, তাই না?"
Tom is not happy about this.,টম এটার ব্যপারে খুশি নয়।
Tom may not want to do that.,টম ওটা নাও করতে চাইতে পারে।
Tom said Mary is a good mom.,টম বলেছে মেরি একজন ভালো মা।
Tom seemed happy to see you.,টম আপনাকে দেখে খুশি বলে মনে হচ্চে।
Tom seems happy and excited.,টমকে দেখে খুশি আর উদ্দীপিত বলে মনে হচ্চে।
Tom shot and killed a tiger.,টম একটি বাঘকে গুলি করে মেরেছে।
Tom still has a few options.,টমের এখনও কিছু বিকল্প আছে।
Tom took me to the hospital.,টম আমাকে হাসপাতালে নিয়ে গিয়েছিল।
Tom waited outside the gate.,টম গেটের বাইরে অপেক্ষা করলো।
Tom wanted advice from Mary.,টম মেরির কাছ থেকে পরামর্শ চেয়েছিল।
Tom wanted to talk with you.,টম আপনার সাথে কথা বলতে চেয়েছিল।
Tom wanted to talk with you.,টম তোমার সাথে কথা বলতে চেয়েছিল।
Tom wanted to talk with you.,টম তোর সাথে কথা বলতে চেয়েছিল।
Tom wanted you to have this.,টম চেয়েছিল আপনি এটা নেন।
Tom wanted you to have this.,টম চেয়েছিল তুমি এটা নাও।
Tom wanted you to have this.,টম চেয়েছিল তুই এটা নিস।
Tom wants his umbrella back.,টম ওর ছাতাটা ফেরত চায়।
Tom wants his umbrella back.,টম তার ছাতাটা ফেরত চায়।
Tom wants me to go with him.,টম চায় আমি ওর সঙ্গে যাই।
Tom wants me to go with him.,টম চায় আমি তার সঙ্গে যাই।
Tom wants to go job hunting.,টম চাকরির খোঁজে যেতে চায়।
Tom wants to speak with you.,টম আপনার সাথে কথা বলতে চায়।
Tom wants to speak with you.,টম তোমার সাথে কথা বলতে চায়।
Tom wants to speak with you.,টম তোর সাথে কথা বলতে চায়।
Tom was glad Mary was there.,মেরি সেখানে থাকায় টম খুশি হয়েছিল।
Tom was such a happy person.,টম কত সুখি মানুষ ছিল।
Tom was very busy with work.,টম কাজ নিয়ে খুব ব্যস্ত ছিল।
Tom worked as a dog trainer.,টম কুকুরের প্রশিক্ষক হিসেবে কাজ করত।
Tom wrote a song about Mary.,টম মেরিকে নিয়ে একটা গান লিখলো।
"Tom, I want to talk to Mary.","টম, আমি মেরির সঙ্গে কথা বলতে চাই।"
We all want Tom to be happy.,আমরা সবাই চাই টম সুখে থাকুক।
We bought some tennis balls.,আমরা কিছু টেনিস বল কিনেছি।
We heard Tom was in trouble.,আমরা শুনলাম টম ঝামেলায় পরেছিল।
We just want to talk to Tom.,আমরা খালি টমের সাথে কথা বলতে চাই।
We wanted to talk about Tom.,আমরা টমের ব্যপারে কথা বলতে চেয়েছিলাম।
We were both a little drunk.,আমরা দুজনেই একটু মাতাল ছিলাম।
What size shoes do you wear?,আপনি কোন মাপের জুতো পরেন?
What team does Tom play for?,টম কোন দলের হয়ে খেলে?
"When Tom's happy, I'm happy.","যখন টম খুশি, তখন আমিও খুশি।"
Where are those people from?,ঐ লোকগুলো কোথায় থেকে এসেছে?
Where did you get this ring?,এই আংটি আপনি কোথায় পেয়েছেন?
Where do I claim my baggage?,আমি আমার মালপত্র কোথা থেকে দাবি করব?
Where is the duty-free shop?,শুল্কমুক্ত জিনিস কেনার দোকানটা কোথায়?
Why do you want to hurt Tom?,আপনি টমকে আঘাত দিতে চান কেন?
Why do you want to hurt Tom?,তুমি টমকে আঘাত দিতে চাও কেন?
Why do you want to hurt Tom?,তুই টমকে আঘাত দিতে চাস কেন?
Why do you want to meet Tom?,আপনি টমের সঙ্গে কেন দেখা করতে চান?
Why do you want to meet Tom?,তুমি টমের সঙ্গে কেন দেখা করতে চাও?
Why do you want to meet Tom?,তুই টমের সঙ্গে কেন দেখা করতে চাস?
Will you have lunch with me?,তুমি কি আমার সাথে দুপুরের খাবার খাবে?
You can't fool me this time.,এবার আর আপনি আমায় বোকা বানাতে পারবেন না।
You must show your passport.,আপনাকে আপনার পাসপোর্ট দেখাতে হবে।
You should get back to work.,আপনার কাজে ফিরে আসা উচিত।
You're so impatient with me.,তুমি আমার প্রতি বড্ড অধৈর্য্য।
You're so impatient with me.,আপনি আমার প্রতি বড্ড অধৈর্য্য।
All my friends will be there.,আমার সব বন্ধুরা ওখানে থাকবে।
All that glitters isn't gold.,চকচক করলেই সোনা হয় না।
Can I ask you some questions?,আমি কি তোমাকে কিছু প্রশ্ন জিজ্ঞাসা করতে পারি?
Can I ask you some questions?,আমি কি আপনাকে কিছু প্রশ্ন জিজ্ঞাসা করতে পারি?
Can you give me a cup of tea?,তুমি কি আমাকে এক কাপ চা দিতে পারবে?
Cholera is uncommon in Japan.,জাপানে কলেরা দেখা যায় না।
Could you please repeat that?,আপনি কি অনুগ্রহ করে আর একবার বলতে পারবেন?
Could you take a photo of me?,আপনি কি আমার একটা ছবি তুলতে পারবেন?
Do you want to watch a movie?,তুমি কি সিনেমা দেখতে চাও?
Do your best and don't worry.,আপনার যথাসাধ্য চেষ্টা করুন এবং দুশ্চিন্তা করবেন না।
Does Tom know he was adopted?,টম কি জানে তাকে দত্তক নেওয়া হয়েছিল?
Don't ask me what that means.,আমাকে এর অর্থ জিজ্ঞেস করবেন না।
Don't speak to Tom like that.,টমের সাথে ওইভাবে কথা বলবেন না।
Don't speak to Tom like that.,টমের সাথে ওইভাবে কথা বলবে না।
Don't tell anyone I was here.,আমি যে এখানে ছিলাম তা কাউকে বলবেন না।
Don't you want to discuss it?,আপনি কি এটা আলোচনা করতে চান না?
Have you ever been to Boston?,আপনি কি কখনো বস্টন গেছেন?
Have you ever been to Boston?,তুমি কি কখনো বস্টন গেছো?
Have you ever eaten raw fish?,আপনি কখনো কাঁচা মাছ খেয়েছেন?
Have you ever eaten raw fish?,তুমি কখনো কাঁচা মাছ খেয়েছো?
Have you ever visited Boston?,আপনি কি কখনো বস্টন দেখতে গেছেন?
Have you ever visited Boston?,তুমি কি কখনো বস্টন দেখতে গেছো?
He can say whatever he wants.,ওনার যা ইচ্ছে উনি বলতে পারেন।
He can say whatever he wants.,ওর যা ইচ্ছে ও বলতে পারে।
He can say whatever he wants.,তার যা ইচ্ছে সে বলতে পারে।
He can say whatever he wants.,তাঁর যা ইচ্ছে তিনি বলতে পারেন।
He is a teacher and novelist.,উনি একজন শিক্ষক এবং ঔপন্যাসিক।
Hitler assumed power in 1933.,হিটলার ১৯৩৩ সালে ক্ষমতা গ্রহণ করেন।
How did you come to know her?,আপনি ওকে চিনলেন কি কোরে?
How did you come to know her?,আপনি ওনাকে চিনলেন কি কোরে?
How did you come to know her?,তুমি ওকে চিনলে কি কোরে?
How did you come to know her?,তুই ওকে চিনলি কি কোরে?
How did you come to know her?,তুমি ওনাকে চিনলে কি কোরে?
How did you come to know her?,তুই ওনাকে চিনলি কি কোরে?
How far is it to the airport?,এয়ারপোর্ট কত দুর এখান থেকে?
How many times must I say no?,আমায় কতবার না বলতে হবে?
I don't feel like eating now.,আমার এখন খেতে ইচ্ছে করছে না।
I don't like making mistakes.,আমি ভুল করা পছন্দ করি না।
I don't like to drink coffee.,আমার কফি খেতে ভালো লাগে না।
I don't use Facebook anymore.,আমি আর ফেসবুক ব্যবহার করি না।
I don't want to be like that.,আমি ওইরকম হতে চাই না।
I don't want to go to Boston.,আমি বস্টনে যেতে চাই না।
I don't want to go to school.,আমি স্কুলে যেতে চাই না।
I don't want to hear a story.,আমি গল্প শুনতে চাই না।
I found the book interesting.,আমার বইটা আকর্ষণীয় বলে মনে হয়েছিল।
I go to school every morning.,আমি প্রতিদিন সকালে স্কুলে যাই।
I have a three-year contract.,আমার কাছে তিন বছরের চুক্তি আছে।
I haven't gotten a reply yet.,আমি এখনও একটি উত্তর পাইনি।
I hope Tom doesn't forget me.,আশা করি টম আমাকে ভুলে যাবে না।
I just realized I'm dreaming.,আমি কেবল বুঝলাম আমি স্বপ্ন দেখছি।
I knew Tom wouldn't eat that.,আমি জানতাম টম এটা খাবে না।
I knew you wouldn't be fired.,আমি জানতাম যে তোমাকে বরখাস্ত করা হবে না।
I know how these things work.,এটা কীভাবে কাজ করে তা আমি জানি।
I know that Tom was truthful.,আমি জানি টম সত্যি বলেছিল।
I never listen to Tom anyway.,আমি এমনিতেও কখনও টমের কথা শুনি না।
I only speak French with Tom.,আমি টমের সঙ্গে খালি ফরাসি ভাষায় কথা বলি।
I only speak a little French.,আমি খালি একটু ফরাসি ভাষায় কথা বলি।
I ran in order to be on time.,সময়মতো পৌঁছানোর জন্য আমি দৌঁড়েছিলাম।
I think both of you know Tom.,আমার মনে হয় আপনারা দুজনেই টমকে চেনেন।
I used to swim in this river.,আমি এই নদীতে সাঁতার কাটতাম।
I want to deposit some money.,আমি কিছু টাকা জমা করতে চাই।
I want to talk to the police.,আমি পুলিশের সাথে কথা বলতে চাই।
I watched the movie with Tom.,আমি টমের সাথে সিনেমাটি দেখেছি।
I'd like to cancel my ticket.,আমি আমার টিকিটটি বাতিল করতে চাই।
I'd like to change my ticket.,আমি আমার টিকিটটি পালটাতে চাই।
I'll be back in five minutes.,আমি পাঁচ মিনিটের মধ্যে ফিরে আসবো।
I'll be back in half an hour.,আমি আধা ঘন্টার মধ্যে ফিরে আসবো।
I'm catching the 11:00 train.,আমি ১১ঃ০০টার ট্রেনটা ধরতে যাচ্ছি।
I'm hoping that won't happen.,আশা করি সেটা ঘটবে না।
I'm hoping that won't happen.,আশা করছি সেটা হবে না।
I'm not proud of how I acted.,আমি যে ভাবে ব্যবহার করেছি তাতে আমি গর্বিত নই।
I'm sorry I kept you waiting.,আমাকে ক্ষমা করবেন আমি আপনাকে অপেক্ষা করিয়ে রেখেছিলাম।
I'm sorry I kept you waiting.,আমাকে ক্ষমা করবে আমি তোমাকে অপেক্ষা করিয়ে রেখেছিলাম।
"I'm sorry, I can't stay long.","আমায় ক্ষমা করবেন, আমি বেশিক্ষণ থাকতে পারবো না।"
I'm starting to learn French.,আমি ফরাসি শেখা শুরু করছি।
"I'm very, very happy for Tom.",আমি টমের জন্য খুব খুশি।
I've been working on a novel.,আমি একটা উপন্যাস নিয়ে কাজ করছি।
May I have your phone number?,আমি কি আপনার ফোন নাম্বারটি পেতে পারি?
May I see what's in your bag?,আমি কি দেখতে পারি তোমার ব্যাগে কী আছে?
May I turn on the television?,আমি কি টিভি চালাতে পারি?
My stomach hurts after meals.,খাওয়ার পর আমার পেট ব্যাথা করে।
One language is never enough.,মাত্র একটি ভাষা যথেষ্ট নয়।
Please look after my luggage.,দয়া করে আমার মলপত্রটা দেখবেন।
Queen Elizabeth died in 1603.,রানী এলিজাবেথ ১৬০৩ সালে মারা যান।
That happened three days ago.,ওটা তিন দিন আগে ঘটেছিল।
That's because you're a girl.,তার কারণ তুমি একজন মেয়ে।
That's because you're a girl.,তার কারণ তুই একজন মেয়ে।
That's why we need your help.,সেজন্য আমাদের আপনার সাহায্য দরকার।
The museum is closed Sundays.,জাদুঘরটা রবিবার করে বন্ধ থাকে।
The news of his death spread.,তার মৃত্যুর খবর ছড়িয়ে পড়েছে।
There's one cup on the table.,টেবিলটার উপর একটা কাপ রয়েছে।
They wanted to steal the car.,তারা গাড়িটা চুরি করতে চাইলো।
This is the only book I have.,আমার কাছে কেবল এই একটি বই আছে।
Tom didn't dare to look back.,টম পেছনে ফিরে তাকানোর সাহস দেখায়নি।
Tom doesn't know Mary's kids.,টম মেরির বাচ্চাদের চেনে না।
Tom doesn't watch war movies.,টম যুদ্ধের সিনেমা দেখে না।
Tom flew to Boston yesterday.,টম গতকাল বস্টন উড়ে গেছে।
Tom left the box unprotected.,টম বাক্সটি অরক্ষিত রেখে গিয়েছিল।
Tom lost everything he owned.,টম তার মালিকানাধীন সবকিছু হারিয়েছে।
Tom ought to have been there.,টমের ওখানে থাকা উচিৎ ছিলো।
Tom owes Mary thirty dollars.,মেরির কাছে টমের ত্রিশ ডলার পায়।
Tom waited to hear from Mary.,টম মেরির কাছ থেকে খবর পাওয়ার জন্য অপেক্ষা করে ছিল।
Tom wants to know who we are.,আমরা কে টম জানতে চায়।
Tom will be thirty next year.,টম পরের বছর তিরিশে পা দেবে।
"Turn down the volume, please.",অনুগ্রহ করে আওয়াজটা একটু কমান।
We both know that's not true.,আমরা দুজনেই জানি যে সেটা সত্যি নয়।
We get together once a month.,আমরা মাসে একবার করে একত্রিত হই।
We have to move very quickly.,আমাদেরকে খুব তাড়াতাড়ি চলতে হবে।
We're not here to arrest you.,আমরা আপনাকে গ্রেপ্তার করতে এখানে আসিনি।
We're still living in Boston.,আমরা এখনও বোস্টনে বাস করছি।
What else did you want to do?,আপনি আর কী করতে চেয়েছিলেন?
When and where shall we meet?,আমরা কখন এবং কোথায় দেখা করব?
When is the breakfast served?,সকালের খাওয়াটা কখন দেওয়া হয়?
Where can I buy one of those?,আমি ওইগুলোর একটা কোথা থেকে কিনতে পারব?
Where can I claim my luggage?,আমি কোথা থেকে আমার মালপত্রটা পাব?
Where can I claim my luggage?,আমি কোথা থেকে আমার মালপত্রটা নিতে পারব?
Who did you buy this car for?,আপনি এই গাড়িটি কার জন্য কিনেছেন?
Who wants some hot chocolate?,কার একটু হট চকোলেট চাই?
Why couldn't Tom go with you?,টম আপনার সাথে যেতে পারেনি কেন?
Why do you need two bicycles?,আপনার দুটি বাইসাইকেল কেন দরকার?
Why don't we go to Australia?,আমরা অস্ট্রেলিয়াতে যাচ্ছি না কেন?
Why should I leave Australia?,আমি কেন অস্ট্রেলিয়া ছেড়ে যাব?
"You don't understand, do you?","তুমি বুঝতে পারছ না, তাই না?"
You had me completely fooled.,তুমি আমাকে পুরোপুরি বোকা বানিয়েছিলে।
All that glitters is not gold.,চকচক করলেই সোনা হয় না।
Aren't you scared of anything?,তুমি কি কিছুতেই ভয় পাও না?
Can you please do this for me?,আপনি আমার জন্য এটা করতে পারেন?
Close the door when you leave.,বেড়োবার সময় দরজাটা বন্ধ করে দিও।
Close the door when you leave.,বেড়োবার সময় দরজাটা বন্ধ করে দেবেন।
Could we have a table outside?,আমরা কি বাইরে একটা টেবিল পেতে পারি?
"Could you repeat that, please?",আপনি কি অনুগ্রহ করে আর একবার বলতে পারবেন?
Did you remember to buy a map?,আপনার কি মানচিত্র কিনতে মনে ছিল?
Do the police know about this?,পুলিশ কি এ ব্যাপারে জানে?
Do you have a washing machine?,আপনার কি ওয়াশিং মেশিন আছে?
Do you have any cheaper rooms?,আরও সস্তা কোন ঘর আছে?
Do you understand what I mean?,আমি কী বলতে চাইছি আপনি বুঝতে পারছেন?
Do you understand what I mean?,আমি যা বলতে চাইছি আপনি কি তা বুঝতে পারছেন?
Do you understand what I mean?,আমি কী বলতে চাইছি তুমি বুঝতে পারছো?
Do you understand what I mean?,আমি যা বলতে চাইছি তুমি কি তা বুঝতে পারছো?
Do you want to eat now or not?,তুমি এখন খেতে চাও কি না?
Have you already eaten supper?,আপনি ইতিমধ্যে কি রাতের খাবার খেয়ে নিয়েছেন?
He died at the age of seventy.,সত্তর বছর বয়সে তিনি মারা যান।
He had more than enough money.,তার প্রয়োজনের চেয়ে বেশিই টাকা ছিল।
He was busy with his homework.,তিনি বাড়ির কাজ নিয়ে ব্যস্ত ছিলেন।
He would be glad to hear that.,তিনি এটা শুনে খুশি হবেন।
I am looking for a good hotel.,আমি একটা ভাল হোটেল খুঁজছি।
I bought a book about animals.,আমি পশু সম্পর্কিত একটি বই কিনেছি।
I can't believe Tom got fired.,আমি বিশ্বাস করতে পারছি না টমকে বরখাস্ত করা হয়েছে।
I couldn't move my right foot.,আমি আমার ডান পাটা নাড়াতে পারিনি।
I didn't want to frighten you.,আমি তোমাকে ভয় দেখাতে চাইনি।
I don't go to work on Sundays.,আমি রবিবার করে কাজে যাই না।
I don't like my mother-in-law.,আমার শাশুড়িকে আমি পছন্দ করি না।
I eagerly await your decision.,আমি অধীর আগ্রহে আপনার সিদ্ধান্তের জন্য অপেক্ষা করছি।
I forgot to ask for a receipt.,আমি রসিদ চাইতে ভুলে গিয়েছিলাম।
I found that book interesting.,আমার ওই বইটা আকর্ষণীয় বলে মনে হয়েছিল।
I found this book interesting.,আমার এই বইটা আকর্ষণীয় বলে মনে হয়েছিল।
I haven't done this for years.,আমি এটা অনেক বছর ধরে করিনি।
I hope that that won't happen.,আশা করি সেটা ঘটবে না।
I hope that that won't happen.,আশা করছি সেটা হবে না।
I hope you're willing to help.,আমি আশা করছি আপনি সাহায্য করতে চাচ্ছেন।
I just don't know what to say.,আমি জানিনা ঠিক কি বলবো।
I know nothing about robotics.,আমি রোবোটিক্স বিষয়ে কিছু জানি না।
I learned to live without her.,আমি তাকে ছাড়া বাঁচতে শিখেছি।
I learned to live without her.,আমি ওকে ছাড়া বাঁচতে শিখেছি।
I like reading mystery novels.,আমার রহস্য উপন্যাস পড়তে ভালো লাগে।
I play the piano after supper.,আমি রাতের খাবারের পরে পিয়ানো বাজাই।
I thought you didn't like Tom.,আমি ভেবেছিলাম তুমি টমকে পছন্দ করো না।
I want to be more independent.,আমি আরও স্বাধীন হতে চাই।
I want to eat Chinese noodles.,আমি চাইনিজ নুডলস খেতে চাই।
I want to know who started it.,কে শুরু করলো আমি জানতে চাই।
I want to sleep a little more.,আমি আর একটু ঘুমাতে চাই।
I wanted to ask you something.,আমি আপনাকে কিছু জিজ্ঞাসা করতে চেয়েছিলাম।
I warned you not to come here.,আমি আপনাকে এখানে আসার ব্যাপারে সতর্ক করেছিলাম।
I wish to visit Egypt someday.,আমি একদিন মিশরে যেতে চাই।
I wish to visit Egypt someday.,আমার একদিন মিশরে যাওয়ার ইচ্ছে আছে।
I'd like a first-class ticket.,আমার একটা প্রথম শ্রেণীর টিকিট চাই।
I'd like to confirm my ticket.,আমি আমার টিকিটটি নিশ্চিত করতে চাই।
I'd rather stay here with you.,আমি বরং তোমার সাথে এখানে থাকবো।
I'll be back in three minutes.,আমি তিন মিনিটের মধ্যে ফিরে আসবো।
I'm giving it to you for free.,আমি আপনাকে এটি বিনামূল্যে দিচ্ছি।
I'm looking for a cheap hotel.,আমি একটা সস্তা হোটেল খুঁজছি।
I'm not going to wait for you.,আমি তোমার জন্য অপেক্ষা করব না।
I'm not very good at swimming.,আমি সাঁতারে খুব একটা ভালো নই।
I'm sitting alone in my house.,আমি আমার বাসায় একা বসে আছি।
I'm sure I've seen him before.,আমি নিশ্চিত যে আমি তাকে আগেও দেখেছি।
Is Tom Jackson your real name?,টম জ্যাকসন কি তোমার আসল নাম?
Is Tom Jackson your real name?,টম জ্যাকসন কি আপনার আসল নাম?
Is Tom aware of what Mary did?,মেরি কী করেছে তা কি টম জানে?
Is there a hospital near here?,এখানে কাছাকাছির মধ্যে কোনো হাসপাতাল আছে?
Is this movie based on a book?,এই সিনেমা কি কোনো বইয়ের উপর ভিত্তি করে তৈরি করা হয়েছে?
It was an excellent editorial.,এটি একটি চমৎকার সম্পাদকীয় ছিল।
It was cheaper than I thought.,আমি যা ভেবেছিলাম তার থেকে অনেক সস্তা ছিল।
It's already past ten o'clock.,ইতিমধ্যে রাত দশটা পার হয়ে গেছে।
Japan is not as big as Canada.,জাপান কানাডার মতো বড় নয়।
Kindly mind your own business.,দয়া করে নিজের চরকায় তেল দিন।
Let's forget about last night.,চলুন গত রাতের কথা ভুলে যাই।
May I borrow your car tonight?,আমি কি আজ রাতে আপনার গাড়ি ধার নিতে পারি?
My father can fly an airplane.,আমার বাবা প্লেন ওড়াতে পারে।
My father doesn't like soccer.,আমার বাবা ফুটবল পছন্দ করে না।
My hobby is collecting stamps.,আমার শখ ডাকটিকিট সংগ্রহ করা।
My luggage hasn't arrived yet.,আমার মালপত্র এখনো এসে পৌঁছায়নি।
"Show me a cheaper one, please.",আমাকে আরো সস্তা একটা দেখান।
"Show me your passport, please.",অনুগ্রহ করে আপনার পাসপোর্টটি দেখাবেন।
The robot went out of control.,রোবটটি নিয়ন্ত্রণের বাইরে চলে গিয়েছিল।
Those two pieces fit together.,ওই দুটো টুকরো একসাথে এঁটে যায়।
Tom always keeps his promises.,টম সবসময় তার কথা রাখে।
Tom always keeps his promises.,টম সবসময় তাঁর কথা রাখেন।
Tom always keeps his promises.,টম সবসময় ওনার কথা রাখেন।
Tom always keeps his promises.,টম সবসময় ওর কথা রাখে।
Tom and John are good friends.,টম এবং জন ভালো বন্ধু।
Tom and Mary are good singers.,টম এবং মেরি ভালো গায়ক।
Tom asked me where Mary lived.,মেরি কোথায় থাকে সেটা টম জানতে চাইল।
Tom can explain the situation.,টম পরিস্থিতি ব্যাখ্যা করতে পারবে।
Tom doesn't know Mary is here.,টম জানে না যে মেরি এখানে।
Tom earns twice as much as me.,টম আমার থেকে দ্বিগুন আয় করে।
Tom helped Mary set the table.,টম মেরিকে টেবিল সেট করতে সাহায্য করে।
Tom kept silent during dinner.,টম রাতের খাবারের সময় চুপচাপ ছিল।
Tom kept silent during dinner.,টম রাতের খাবারের সময় চুপচাপ ছিলেন।
Tom says he's going to resign.,টম বলছে যে ও পদত্যাগ করবে।
Tom slept with his clothes on.,টম তার জামা পরেই ঘুমিয়েছে।
Tom started cursing in French.,টম ফরাসিতে গালাগালি দেওয়া শুরু করলো।
Tom tried to keep his chin up.,টম তার মুখ উঁচু রাখার চেষ্টা করেছিল।
Tom tried to keep his chin up.,টম তাঁর মুখ উঁচু রাখার চেষ্টা করেছিলেন।
Tom tried to keep his chin up.,টম ওর মুখ উঁচু রাখার চেষ্টা করেছিল।
Tom tried to keep his chin up.,টম ওনার মুখ উঁচু রাখার চেষ্টা করেছিলেন।
Tom used to be scared of dogs.,টমের কুকুরের প্রতি ভয় ছিলো।
Tom wanted to see Mary's room.,টম মেরির কক্ষ দেখতে চেয়েছিল।
Tom was killed in an accident.,টম একটা দুর্ঘটনায় মারা গেছে।
Tomorrow I'll buy what I need.,আমার প্রয়োজনীয় জিনিস আমি আগামীকাল কিনবো।
Turn right at the next corner.,পরের মোড়টায় ডানদিকে বেঁকে যাবেন।
We both know this isn't right.,আমরা দুজনেই জানি যে এটা ঠিক নয়।
We couldn't agree on anything.,আমরা কিছুতেই একমত হতে পারিনি।
We don't live in fear anymore.,আমরা আর ভয়ে বাঁচি না।
We have room for three others.,আমাদের আরও তিন জনের জন্য জায়গা আছে।
We met last year in Australia.,আমাদের গত বছর অস্ট্রেলিয়ায় দেখা হয়েছিল।
What are you suggesting we do?,আপনি আমাদের কী পরামর্শ দিচ্ছেন?
What sort of hats do you like?,আপনি কোন ধরনের টুপি পছন্দ করেন?
What time do you start school?,কয়টার সময় তোমার স্কুল শুরু হয়?
When do you usually go to bed?,আপনি সাধারণত কটার সময় শুতে যান?
When do you usually go to bed?,তুমি সাধারণত কটার সময় শুতে যাও?
Where can I buy that magazine?,আমি ওই পত্রিকাটা কোথা থেকে কিনতে পারব?
Where did you buy this guitar?,আপনি এই গিটারটি কোথায় থেকে কিনেছেন?
Where is the closest hospital?,কাছাকাছির মধ্যে হাসপাতালটা কোথায় আছে?
Why are you all afraid of Tom?,আপনারা সবাই টমকে ভয় পান কেন?
Why aren't you coming with us?,আমাদের সাথে আসছেন না কেন?
Why aren't you coming with us?,আমাদের সাথে আসছো না কেন?
Why can't I remember anything?,আমি কেন কিছু মনে করতে পারছি না?
Why did you give money to Tom?,আপনি টমকে টাকা দিয়েছিলেন কেন?
Why do I have to go to Boston?,আমাকে কেন বস্টন যেতে হবে?
Why don't you go to Australia?,আপনি অস্ট্রেলিয়াতে যাচ্ছেন না কেন?
Why don't you kiss me anymore?,তুমি আমাকে আর চুমু দাও না কেন?
Why would Tom want to hurt me?,টম কেন আমাকে আঘাত করতে চাইবে?
Why's everyone staring at you?,সবাই আপনার দিকে তাকিয়ে আছে কেন?
You can eat anything you want.,আপনার যেটা ইচ্ছে হয় সেটা খেতে পারেন।
You can eat anything you want.,তোমার যেটা ইচ্ছে হয় সেটা খেতে পারো।
You can eat whatever you like.,আপনার যা ইচ্ছে তাই খেতে পারেন।
You can eat whatever you like.,তোমার যা ইচ্ছে তাই খেতে পারো।
You shouldn't speak so loudly.,তোমার এত জোরে কথা বলা উচিত নয়।
You'd better not eat too much.,আপনার খুব বেশি খাওয়া উচিত না।
Your bike is better than mine.,তোমার বাইকটা আমারটা থেকে ভাল।
"I want to go home. ""So do I.""","আমি বাড়ি যেতে চাই। ""আমিও।"""
A map helps us study geography.,মানচিত্র আমাদের ভূগোল পাঠে সহায়তা করে।
Anyone may use this dictionary.,যে কেউ এই অভিধানটি ব্যবহার করতে পারেন।
Can you buy one for me as well?,আপনি কি আমার জন্যও একটি কিনতে পারবেন?
"Can you gift-wrap this, please?",এটা কি একটু গিফট-র্যাপ করে দিতে পারবেন?
Do you have any cough medicine?,আপনাদের কাছে কোনো কাশির অষুধ আছে?
Do you have any cough medicine?,আপনার কাছে কোনো কাশির অষুধ আছে?
Do you intend to come tomorrow?,আপনি কি আগামীকাল আসতে চান?
Do you know what I really want?,আপনি কি জানেন আমি সত্যিই কী চাই?
Do you think you could help me?,আপনি মনে হয় যে আপনি আমাকে সাহায্য করতে পারেন?
Does this bus go to the museum?,এই বাসটা কি জাদুঘর অবধি যায়?
Don't let Tom watch that movie.,টমকে ওই সিনেমা দেখতে দেবেন না।
Few people know about the plan.,কম লোকই পরিকল্পনাটির ব্যাপারে জানে।
Finish it before you go to bed.,ঘুমাতে যাওয়ার আগে ওটা শেষ করে ফেলুন।
Finish it before you go to bed.,ঘুমাতে যাওয়ার আগে ওটা শেষ করে ফেলো।
Finish it before you go to bed.,ঘুমাতে যাওয়ার আগে ওটা শেষ করে ফেল্।
Give us a call when you arrive.,আপনি পৌঁছে আমাদের কল দেবেন।
He came to my office yesterday.,তিনি গতকাল আমার অফিসে এসেছিলেন।
He wants to work in a hospital.,তিনি একটি হাসপাতালে কাজ করতে চান।
He wants to work in a hospital.,সে একটি হাসপাতালে কাজ করতে চায়।
How do you pronounce this word?,এই শব্দটির উচ্চারণ কিভাবে করতে হয়?
How much time do we still have?,আমরা হাতে আর কত সময় আছে?
I am going to America by plane.,আমি বিমানে করে আমেরিকা যাচ্ছি।
I can't believe I believed Tom.,আমি এখনো বিশ্বাস করতে পারছি না যে আমি টমকে বিশ্বাস করেছিলাম।
I can't live that kind of life.,আমি ওই ভাবে জীবনযাপন করতে পারবো না।
I can't see without my glasses.,আমি চশমা ছাড়া দেখতে পারি না।
I decided to stay on the train.,আমি ট্রেনেই থাকার সিদ্ধান্ত নিলাম।
I didn't want to use the phone.,আমি ফোন ব্যবহার করতে চাইনি।
I didn't want you to read that.,আমি চাইনি তুমি ওটা পড়ো।
I don't have to work on Monday.,আমাকে সোমবার কাজ করতে হবে না।
I don't know when I'll be back.,কখন ফিরে আসবো আমি জানি না।
I don't want to argue with you.,আমি তোমার সঙ্গে তর্ক করতে চাই না।
I don't want to argue with you.,আমি আপনার সঙ্গে তর্ক করতে চাই না।
I don't want to go there again.,আমি ওখানে আবার যেতে চাই না।
I don't want to see your faces.,আমি তোমাদের মুখ দেখতে চাই না।
I don't want to wait that long.,আমি অতক্ষণ অপেক্ষা করতে চাই না।
I donated blood this afternoon.,আমি আজ দুপুরে রক্তদান করলাম।
I finally got across the river.,অবশেষে আমি নদী পড়োতে পারলাম।
I got up at seven this morning.,আজ সকালে আমি সাতটার সময় উঠেছি।
I guess you don't need my help.,আমার মনে হয় আপনার আমার কোনো সাহায্য লাগবে না।
I hardly ever read a newspaper.,আমি খুব কমই সংবাদপত্র পড়ি।
I have three questions for you.,তোমাকে আমার তিনটি প্রশ্ন করার আছে।
I know you'll enjoy that movie.,আমি জানি আপনি সিনেমাটি উপভোগ করবেন।
I take a bath almost every day.,আমি প্রায় প্রতিদিনই গোসল করি।
I think I'd better go with you.,আমার মনে হয় আমার তোমার সাথে যাওয়া উচিত।
I think Tom only speaks French.,আমার মনে হয় টম খালি ফরাসি ভাষায় কথা বলে।
I think she's hiding something.,আমার মনে হয় তিনি কিছু লুকাচ্ছেন।
I want something cold to drink.,আমি ঠান্ডা কিছু খেতে চাই।
I was born and raised in Tokyo.,আমার জন্ম এবং বেড়ে ওঠা টোকিওতে।
I won't tell anyone about this.,এ বিষয়ে কাউকে বলবো না।
I'd like to stay for one night.,আমি এক রাতের জন্য থাকতে চাই।
I'll be back in twenty minutes.,আমি বিশ মিনিটের মধ্যে ফিরে আসবো।
I'm just glad to be part of it.,আমি এটার অংশ হতে পেরে আনন্দিত।
I'm looking for a mango to eat.,আমি একটা আম খুঁজছি খাওয়ার জন্য।
I'm not sure who paid the bill.,আমি নিশ্চিত নই কে বিল দিয়েছে।
I'm only trying to protect you.,আমি শুধু তোমাকে রক্ষা করার চেষ্টা করছি।
"I'm sorry, but it's impossible.","আমায় ক্ষমা করবেন, কিন্তু এটা সম্ভব নয়।"
"I'm sorry, but it's impossible.","আমায় ক্ষমা কোর, কিন্তু এটা সম্ভব নয়।"
I'm three years older than you.,আমি তোমার থেকে তিন বছরের বড়ো।
I've finished reading the book.,আমি বইটি পড়া শেষ করেছি।
I've never told this to anyone.,আমি একথা কোনদিন কাউকে বলিনি।
"If you bite me, I'll bite back.",আপনি আমাকে কামড় দিলে আমিও আপনাকে কামড়াবো।
Is that ring made of real gold?,ঐ আংটিটি কি আসল সোনা গিয়ে তৈরি?
Is this the way to the station?,এটা কি স্টেশনে যাওয়ার রাস্তা?
It's a pity when somebody dies.,কেউ মারা গেলে খুব খারাপ লাগে।
It's a waste of time and money.,এটা সময় ও অর্থের অপচয়।
Japan depends on foreign trade.,জাপান বৈদেশিক বাণিজ্যের উপর নির্ভরশীল।
My brother is in Australia now.,আমার ভাই এখন অস্ট্রেলিয়াতে আছে।
My brother likes horror movies.,আমার ভাই ভৌতিক সিনেমা পছন্দ করে।
My favorite subject is biology.,আমার প্রিয় বিষয় হলো জীববিজ্ঞান।
My legs are shorter than yours.,আমার পা তোমার পায়ের চেয়ে খাটো।
My mother plays the piano well.,আমার মা খুব ভাল পিয়ানো বাজাতে পারে।
My throat hurts when I swallow.,আমি যখন গিলতে যাই তখন আমার গলা ব্যাথা করে।
Only Tom dared speak the truth.,শুধু টম সত্য কথা বলার সাহস দেখিয়েছিল।
Plants need sunshine and water.,উদ্ভিদের রোদ এবং জল প্রয়োজন।
Please show me the green shirt.,আমাকে একটু সবুজ জামাটা দেখাবেন।
Please wait till he comes back.,উনি আসা পর্যন্ত দয়া করে অপেক্ষা করুন।
She can say whatever she wants.,ওনার যা ইচ্ছে উনি বলতে পারেন।
She can say whatever she wants.,ওর যা ইচ্ছে ও বলতে পারে।
She can say whatever she wants.,তার যা ইচ্ছে সে বলতে পারে।
She can say whatever she wants.,তাঁর যা ইচ্ছে তিনি বলতে পারেন।
She lives in a two-story house.,তিনি একটি দোতলা বাড়িতে থাকেন।
She looks as if she were drunk.,তাকে দেখে মাতাল মনে হচ্ছে।
"So, what are you up to tonight?","তো, আজ রাতে আপনি কী করছেন?"
Someday I'll run like the wind.,কোনো একদিন আমি হাওয়ার মত দৌড়াবো।
That book is written in French.,ওই বইটা ফরাসিতে লেখা হয়েছে।
They don't want to be involved.,তারা জড়িত হতে চায় না।
They left the problem unsolved.,তারা সমস্যাটি অমীমাংসিত রেখে গেছে।
This can't wait until tomorrow.,এটা আগামীকাল অবধি অপেক্ষা করতে পারবে না।
This hotel was built last year.,হোটেলটি গত বছর তৈরি হয়েছিল।
Those roses are very beautiful.,ওই গোলাপ ফুলগুলো খুব সুন্দর।
Tom could've killed both of us.,টম আমাদের দুজনকেই মেরে ফেলতে পারত।
Tom gave all his money to Mary.,টম তার সব টাকা মেরিকে দিয়েছিল।
Tom hardly ever keeps his word.,টম খুব কমই তার কথা রাখে।
Tom hardly ever keeps his word.,টম খুব কমই তাঁর কথা রাখেন।
Tom hardly ever keeps his word.,টম খুব কমই ওর কথা রাখে।
Tom hardly ever keeps his word.,টম খুব কমই ওনার কথা রাখেন।
Tom has closed all the windows.,টম সব জানালা বন্ধ করে দিয়েছে।
Tom is a bit shorter than Mary.,টম মেরির থেকে একটু বেঁটে।
"Tom is still at home, isn't he?","টম এখনও বাড়িতেই আছে, তাই না?"
Tom left without saying a word.,টম কোনো কথা না বলে চলে গেল।
Tom likes chocolate cake a lot.,টম চকলেট কেক খুব পছন্দ করে।
Tom said it's a common problem.,টম বলল এটা একটা সাধারণ সমস্যা।
Tom tried to keep from smiling.,টম না হাসার চেষ্টা করছিল।
Tom tried to keep from smiling.,টম না হাসার চেষ্টা করছিলেন।
Tom will answer your questions.,টম আপনাদের প্রশ্নের উত্তর দেবে।
"Tom, can you get us some water?","টম, তুমি কি আমাদের জন্য একটু পানি দিতে পারবে?"
We both know that that's a lie.,আমরা দুজনেই জানি যে এটা একটা মিথ্যে।
We don't have that information.,আমাদের কাছে সেই তথ্য নেই।
We made pancakes for breakfast.,আমরা প্রাতঃরাশের জন্য প্যানকেক বানিয়েছিলাম।
We should do this every Monday.,আমাদের প্রতি সোমবার এটি করা উচিত।
We talked about various topics.,আমরা বিভিন্ন বিষয় নিয়ে কথা বললাম।
We were studying all afternoon.,আমরা সারা দুপুর পরাশুনা করছিলাম।
What are your thoughts on that?,এই বিষয় আপনার কি মত?
What are your thoughts on that?,এই বিষয় তোমার কি মত?
What do you want to cook today?,আজকে আপনি কী রান্না করতে চান?
What do you want to cook today?,আজকে তুমি কী রান্না করতে চাও?
What do you want to cook today?,আজকে তুই কী রান্না করতে চাস?
Why do you want to leave today?,আপনি আজকেই যেতে চাইছেন কেন?
Why do you want to leave today?,তুমি আজকেই যেতে চাইছ কেন?
Why do you want to leave today?,আপনারা আজকেই যেতে চাইছেন কেন?
Why do you want to leave today?,তোমরা আজকেই যেতে চাইছ কেন?
You could say that you love me.,তুমি বলতে পারো যে তুমি আমাকে ভালোবাসো।
You may wear anything you want.,আপনি যেটা চান সেটাই পরতে পারেন।
You must take this cough syrup.,আপনাকে অতি অবশ্যই এই কাশির সিরাপটা খেতে হবে।
"You'd defend Tom, wouldn't you?","তুমি টমকে রক্ষা করবে, তাই না?"
Your cow is eating our flowers.,তোমার গরু আমাদের ফুল খাচ্ছে।
A friend loaned this book to me.,এক বন্ধু আমাকে এই বইটা ধার দিয়েছে।
A virus infected Tom's computer.,টমের কম্পিউটারে ভাইরাস আক্রমণ করেছে।
Are you accusing me of cheating?,আপনি কি আমার বিরুদ্ধে প্রতারণার অভিযোগ করছেন?
Are you the owner of this house?,এই বাড়ির মালিক কি আপনি?
Aren't you still working for us?,আপনি এখনও আমাদের জন্য কাজ করছেন না?
"At last, she solved the problem.",অবশেষে তিনি সমস্যার সমাধান করেছেন।
Call me at six tomorrow morning.,আমাকে কাল সকাল ছটায় ফোন করবেন।
Can you take me to this address?,আপনি কি আমাকে এই ঠিকানায় নিয়ে যেতে পারবেন?
"Could you write it down, please?",আপনি কি অনুগ্রহ করে এটা একটু লিখে দিতে পারবেন?
Did you know what Tom was doing?,আপনি কি জানতেন টম কী করছিল?
Do you have Japanese newspapers?,আপনার কাছে কি জাপানী খবরের কাগজ আছে?
Do you have any plans right now?,তোমার এখন কিছু করার চিন্তা ভাবনা আছে?
Do you have any plans right now?,আপনার এখন কিছু করার চিন্তা ভাবনা আছে?
Do you plan on doing that again?,আপনি কি আবার এটি করার পরিকল্পনা করছেন?
Do you want to eat now or later?,আপনি কি এখন খেতে চান না পরে?
Do you want to eat now or later?,আপনারা কি এখন খেতে চান না পরে?
Do you want to eat now or later?,তুমি কি এখন খেতে চাও না পরে?
Do you want to eat now or later?,তোমরা কি এখন খেতে চাও না পরে?
Don't speak French in the class.,ক্লাসে ফরাসিতে কথা বলবে না।
Even Tom was somewhat impressed.,এমনকি টমও কিছুটা প্রভাবিত হয়েছিল।
Excuse us for the inconvenience.,অসুবিধার জন্য আমাদের ক্ষমা করবেন।
Finish this as soon as possible.,যত তাড়াতাড়ি সম্ভব এটা শেষ করুন ।
Finish this as soon as possible.,যত তাড়াতাড়ি সম্ভব এটা শেষ কর।
Germany and Japan were defeated.,জার্মানি এবং জাপান পরাজিত হয়েছিল।
He did not work on Sunday night.,উনি রবিবার রাতে কাজ করেন নি।
He did not work on Sunday night.,সে রবিবার রাতে কাজ করে নি।
"He failed, due to lack of money.",অর্থের অভাবে তিনি ব্যর্থ হয়েছেন।
He helped the lady into the car.,তিনি মহিলাটিকে গাড়িতে বসতে সাহায্য করেছিলেন।
He will never break his promise.,তিনি কখনোই নিজের প্রতিশ্রুতি ভঙ্গ করবেন না।
He's three years older than her.,সে তার থেকে তিন বছরের বড়।
How do you know it's not a trap?,এটা যে কোনো ফাঁদ না তা কীভাবে বুঝছো?
How far's the airport from here?,এয়ারপোর্ট কত দুর এখান থেকে?
How long do you plan to do this?,আপনি কতদিন এটি করার পরিকল্পনা করছেন?
How much does it cost to get in?,ভেতরে যাওয়ার জন্য কত টাকা লাগবে?
I believe he is coming tomorrow.,আমার বিশ্বাস উনি আগামীকাল আসবেন।
I believe he is coming tomorrow.,আমার বিশ্বাস ও আগামীকাল আসবে।
I don't know if I have the time.,আমি জানিনা আমার সময় আছে কি না।
I don't know if I have the time.,আমি জানিনা আমার সময় হবে কি না।
I don't know if I still have it.,আমি জানি না আমার কাছে এখনো সেটা আছে কি না।
I don't think that Tom was here.,আমার মনে হয় না টম এখানে ছিল।
I don't think that Tom was here.,আমার মনে হয় না যে টম এখানে ছিল।
I don't want to go out with Tom.,আমি টমের সাথে ঘুরতে যেতে চাই না।
I forgot to telephone him today.,আমি ওনাকে আজ ফোন করতে ভুলে গেছি।
I have a good French dictionary.,আমার খুব ভালো ফরাসি অভিধান আছে।
I have a return ticket to Tokyo.,আমার কাছে টোকিওর একটা ফিরতি টিকিট আছে।
I have to go to the store first.,আমাকে প্রথমতঃ দোকানে যেতে হবে।
I haven't really done that much.,সত্যিকার অর্থে আমি অতকিছু করিনি।
I just wanted to check my email.,আমি খালি আমার ইমেলটা দেখতে চেয়েছিলাম।
I know what you're going to say.,আমি জানি আপনি কী বলবেন।
I like bananas more than apples.,আমি আপেলের চেয়ে কলা বেশি পছন্দ করি।
I like to write songs in French.,আমি ফরাসি ভাষায় গান লিখতে ভালোবাসি।
I need new soles on these shoes.,এই জুতোগুলোর জন্য নতুন সুকতলা চাই।
I need to give you an injection.,তোমাকে আমার একটা ইনজেকশন দিতে হবে।
I should've talked to Tom first.,আমার আগে টমের সঙ্গে কথা বলা উচিৎ ছিল।
I shouldn't have asked you that.,আমার তোমায় এটা জিজ্ঞেস করা উচিত হয়নি।
I suddenly feel very much alone.,আমার এখনই খুব একলা লাগছে।
I teach mathematics and physics.,আমি গণিত এবং পদার্থবিদ্যা পড়াই।
I think it's impossible for Tom.,আমার মনে হয় টমের পক্ষে এটা অসম্ভব।
I want to sleep a little longer.,আমি আর একটু ঘুমাতে চাই।
I was in Boston for three years.,আমি তিন বছর বস্টনে ছিলাম।
I would like to buy some cheese.,আমি কিছু চিজ কিনতে চাই।
I would never have guessed that.,আমি কখনই এটা আন্দাজ করতে পারতাম না।
I write for the local newspaper.,আমি স্থানীয় পত্রিকার জন্য লিখি।
I'd like to check out right now.,আমি এখনই ঘরটা ছেড়ে দিতে চাই।
I'd like to withdraw some money.,আমি কিছু টাকা তুলতে চাই।
I'll be back before you know it.,আমি আপনার জানার আগে ফিরে আসবো।
I'll go to the dentist tomorrow.,আমি আগামীকাল দাঁতের ডাক্তারের কাছে যাবো।
I'm going to check out at eight.,আমি আটটার সময় ঘর ছাড়তে চাই।
I'm leaving town for a few days.,আমি কয়েকদিনের জন্য শহর ছেড়ে যাচ্ছি।
I'm looking for a room for rent.,আমি একটা ঘর ভারা খুঁজছি।
I've seen your driver's license.,আমি আপনার ড্রাইভিং লাইসেন্স দেখেছি।
It is ten minutes before eleven.,এখন এগারোটা বাজতে দশ মিনিট বাকি।
It seems that I've lost my keys.,মনে হচ্ছে আমি আমার চাবি হারিয়ে ফেলেছি।
"May I see your passport, please?",আমি কি আপনার পাসপোর্টটি দেখতে পারি?
Maybe he will be a good teacher.,হয়তো তিনি একজন ভালো শিক্ষক হবেন।
My friends invited me to dinner.,আমার বন্ধু আমাকে রাতে খাওয়ার আমন্ত্রণ জানিয়েছে।
My guitar didn't cost very much.,আমার গিটারের দাম খুব বেশি ছিল না।
My watch isn't working properly.,আমার হাত-ঘড়িটা ঠিকঠাক কাজ করছে না।
My watch isn't working properly.,আমার হাত-ঘড়িটা ঠিকমতো কাজ করছে না।
Not all Muslims observe Ramadan.,সব মুসলমান রমজান পালন করে না।
Only adults may watch that film.,শুধুমাত্র প্রাপ্তবয়স্করা চলচ্চিত্রটি দেখতে পারেন।
Please let me take your picture.,আমাকে আপনার ছবি নিতে দিন।
She wants to work in a hospital.,তিনি একটি হাসপাতালে কাজ করতে চান।
She wants to work in a hospital.,সে একটি হাসপাতালে কাজ করতে চায়।
Some animals are afraid of fire.,কিছু প্রাণী আগুনকে ভয় পায়।
Talk to your teacher about that.,তোমার শিক্ষকের সাথে এটা নিয়ে কথা বলো।
That train has left the station.,ঐ ট্রেনটি স্টেশন ছেড়ে চলে গিয়েছে।
The glass was broken by someone.,কাঁচটা কারুর দ্বারা ভাঙা হয়েছে।
The reservation is already made.,আগে থেকেই সংরক্ষণটি হয়ে গেছে।
The robot I built isn't working.,আমার তৈরি করা রোবটটি কাজ করছে না।
The train leaves in ten minutes.,দশ মিনিটের মাঝেই ট্রেন ছাড়বে।
There is an orange on the table.,টেবিলের উপরে একটা কমলা আছে।
They are leaving Japan tomorrow.,তারা আগামীকাল জাপান ত্যাগ করবে।
They aren't waiting for the bus.,তারা বাসের জন্য অপেক্ষা করছে না।
They had once helped each other.,একসময় তারা একে অপরকে সাহায্য করেছিল।
Those who want to stay can stay.,যারা থাকতে চায় থাকতে পারে।
Tom and Mary are happy together.,টম আর মেরি একসঙ্গে সুখি।
Tom earns twice as much as I do.,টম আমার থেকে দ্বিগুন আয় করে।
Tom has already joined the team.,টম ইতিমধ্যেই দলটিতে যোগ দিয়েছে।
Tom has decided to keep a diary.,টম একটা ডাইরি রাখার কথা ঠিক করেছে।
Tom has decided to keep a diary.,টম একটা ডাইরি রাখার কথা ঠিক করেছেন।
"Tom is afraid of Mary, isn't he?","টম মেরিকে ভয় পায়, তাই না?"
"Tom is going to leave, isn't he?","টম চলে যাচ্ছে, তাই না?"
"Tom is scared of Mary, isn't he?","টম মেরিকে ভয় পায়, তাই না?"
Tom kept an eye on the children.,টম বাচ্চাদের উপর নজর রেখেছিল।
Tom kept an eye on the children.,টম বাচ্চাদের উপর নজর রেখেছিলেন।
Tom knows where Mary is staying.,মেরি কোথায় থাকছে সেটা টম জানে।
Tom loves watching horror films.,টম হরর ফিল্ম দেখতে ভালোবাসে।
Tom still lives with his mother.,টম এখনও তার মায়ের সাথে থাকে।
Tom teaches history and biology.,টম ইতিহাস এবং জীববিজ্ঞান পড়ায়।
Tom told Mary he had to do that.,টম মেরিকে বলেছিল যে তাকে এটি করতেই হবে।
Tom was determined to kiss Mary.,টম মেরিকে চুম্বন করতে বদ্ধপরিকর ছিল।
Tom was the last one to go home.,টমই শেষ ব্যক্তি যিনি বাড়িতে যান।
"Tom wouldn't eat that, would he?","টম ওটা খাবে না, তাই না?"
Tomorrow I will return to Japan.,আমি কাল জাপানে ফিরে আসবো।
"We eat to live, not live to eat.","আমরা বাঁচার জন্য খাই, খাওয়ার জন্য বাঁচি না।"
We need to find a solution soon.,আমাদের খুব তারাতারিই একটি সমাধান খুঁজে বার করতে হবে।
We play football every Saturday.,আমরা প্রত্যেক শনিবার ফুটবল খেলি।
We'll start doing that tomorrow.,আমরা আগামীকাল ঐ কাজ শুরু করব।
What did you do with my luggage?,আপনি আমার মলপত্রটা কি করলেন?
What time do you usually get up?,আপনি এমনিতে কটার সময় ঘুম থেকে ওঠেন?
What time do you usually get up?,তুমি এমনিতে কটার সময় ঘুম থেকে ওঠো?
What time does your plane leave?,আপনার প্লেনটা কটার সময় ছাড়বে?
When was your last hearing test?,আপনার শেষ শ্রবণ পরীক্ষা কবে ছিল?
Why doesn't anyone say anything?,কেউ কিছু বলছে না কেন?
You ought to ask him for advice.,তোমার ওনাকে পরামর্শের জন্য জিজ্ঞাসা করা উচিৎ।
You ought to ask him for advice.,তোমার ওকে পরামর্শের জন্য জিজ্ঞাসা করা উচিৎ।
You ought to ask him for advice.,তোমার তাকে পরামর্শের জন্য জিজ্ঞাসা করা উচিৎ।
You ought to ask him for advice.,তোমার তাঁকে পরামর্শের জন্য জিজ্ঞাসা করা উচিৎ।
You ought to ask him for advice.,আপনার তাঁকে পরামর্শের জন্য জিজ্ঞাসা করা উচিৎ।
You ought to ask him for advice.,আপনার তাকে পরামর্শের জন্য জিজ্ঞাসা করা উচিৎ।
You ought to ask him for advice.,আপনার ওকে পরামর্শের জন্য জিজ্ঞাসা করা উচিৎ।
You ought to ask him for advice.,আপনার ওনাকে পরামর্শের জন্য জিজ্ঞাসা করা উচিৎ।
Your bicycle is similar to mine.,তোমার সাইকেলটা আমার সাইকেলের মতন।
A tiger has escaped from the zoo.,চিড়িয়াখানা থেকে একটি বাঘ পালিয়েছে।
Babies don't stay babies forever.,শিশুরা চিরকাল শিশু থাকে না।
Can it be phrased in another way?,এটাকে কি অন্যভাবে বলা যায়?
Can it be phrased in another way?,এটাকে কি অন্য ভাষায় প্রকাশ করা যায়?
Do you live in this neighborhood?,আপনি কি এই পাড়াতেই থাকেন?
Do you live in this neighborhood?,তুমি কি এই পাড়াতেই থাকো?
Everyone is inside Tom's trailer.,সবাই টমের ট্রেলারের ভেতরে রয়েছে।
Give me liberty or give me death.,আমাকে হয় মুক্তি দাও না হয় মৃত্যু দাও।
He doesn't know how to play golf.,গলফ কীভাবে খেলতে হয় তা তিনি জানেন না।
He doesn't want to talk about it.,ইনি এই বিষয় কথা বলতে চান না।
He doesn't want to talk about it.,ঊনি এই বিষয় কথা বলতে চান না।
He doesn't want to talk about it.,তিনি এই বিষয় কথা বলতে চান না।
He doesn't want to talk about it.,ও এই বিষয় কথা বলতে চায় না।
He doesn't want to talk about it.,সে এই বিষয় কথা বলতে চায় না।
He eats nothing other than fruit.,সে ফল ছাড়া আর কিছুই খায় না।
He eats nothing other than fruit.,উনি ফল ছাড়া আর কিছুই খান না।
He eats nothing other than fruit.,তিনি ফল ছাড়া আর কিছুই খান না।
He eats nothing other than fruit.,ও ফল ছাড়া আর কিছুই খায় না।
He has trouble remembering names.,ওনার নাম মনে রাখতে অসুবিধা হয়।
He joined the United States Navy.,তিনি যুক্তরাষ্ট্রের নৌবাহিনীতে যোগ দিয়েছেন।
He stepped on my foot on purpose.,তিনি উদ্দেশ্যমূলকভাবে আমার পায়ে পাড়া দিয়েছিলেন।
He told me he would go to Venice.,উনি আমাকে বলেছিলেন যে উনি ভেনিস যাবেন।
He told me he would go to Venice.,ও আমাকে বলেছিল যে ও ভেনিস যাবে।
He told me he would go to Venice.,সে আমাকে বলেছিল যে সে ভেনিস যাবে।
He told me he would go to Venice.,তিনি আমাকে বলেছিলেন যে তিনি ভেনিস যাবেন।
He works for an American company.,তিনি একটি মার্কিন কোম্পানির হয়ে কাজ করেন।
How about having dinner together?,একসাথে রাতের খাবার খেলে কেমন হয়?
"I am not a doctor, but a teacher.","আমি ডক্তার নই, আমি শিক্ষক।"
I changed my name to Tom Jackson.,আমি আমার নাম পাল্টে টম জ্যাকসন রেখেছি।
I didn't know that Tom had a dog.,আমি জানতাম না যে টমের একটা কুকুর ছিল।
I didn't like any of these books.,এই বইগুলোর কোনোটিই আমার পছন্দ হয়নি।
I don't have a problem with this.,এতে আমার কোনো সমস্যা নেই।
I don't have anything to declare.,আমার কিছু বিবৃতি দেওয়ার নেই।
I don't think that Tom likes you.,আমার মনে হয় না টম আপনাকে পছন্দ করে।
I don't understand your question.,আমি আপনার প্রশ্নটা বুঝতে পারলাম না।
I don't understand your question.,আমি তোমার প্রশ্নটা বুঝতে পারলাম না।
I don't want to go to work today.,আমি আজকে কাজে যেতে চাই না।
I know Tom was a friend of yours.,আমি জানি টম তোমার বন্ধু ছিল।
I know Tom was a friend of yours.,আমি জানি টম তোমার বন্ধু ছিলেন।
I know Tom was a friend of yours.,আমি জানি টম আপনার বন্ধু ছিল।
I know Tom was a friend of yours.,আমি জানি টম আপনার বন্ধু ছিলেন।
I need to finish reading my book.,আমার বই পড়া শেষ করতে হবে।
I planted three rows of potatoes.,আমি তিন সারি আলু লাগিয়েছি।
I spent three weeks in Australia.,আমি অস্ট্রেলিয়ায় তিন সপ্তাহ কাটিয়েছি।
I suspect Tom isn't in Australia.,আমার সন্দেহ হচ্ছে যে টম অস্ট্রেলিয়ায় নেই।
I think I'll be able to help you.,আমি মনে করি আমি আপনাকে সাহায্য করতে পারব।
I think that I can do that alone.,আমার মনে হয় আমি একাই ওটা করতে পারবো।
I took Tom's umbrella by mistake.,আমি ভুল করে টমের ছাতা নিয়ে ফেলেছি।
I tried to swim across the river.,আমি নদীটা সাঁতরে পার হওয়ার চেষ্টা করলাম।
I want more detailed information.,আমি আরো বিস্তারিত তথ্য চাই।
I want to become a good listener.,আমি ভালো শ্রোতা হতে চাই।
I was just reading the newspaper.,আমি শুধু খবরের কাগজ পড়ছিলাম।
I wish I could go to the concert.,আমি যদি কনসার্টে যেতে পারতাম।
I would like you to come with me.,আমি চাই আপনি আমার সাথে আসুন।
I would like you to come with me.,আমি চাই আপনারা আমার সাথে আসুন।
I would like you to come with me.,আমি চাই তুমি আমার সাথে আসো।
I would like you to come with me.,আমি চাই তোমরা আমার সাথে আসো।
I'd like an air-conditioned room.,আমার একটী শীততাপ নিয়ন্ত্রিত ঘর চাই।
I'll get off at the next station.,আমি পরের স্টেশনে নেমে যাব।
I'll stay here till you get back.,তুমি না আসা পর্যন্ত আমি এখানে থাকব।
I'm getting off at the next stop.,আমি পরের স্টপে নেবে যাব।
I'm pretty sure Tom wasn't there.,আমি একদম নিশ্চিত টম সেখানে ছিল না।
I've just arrived at the station.,আমি সবে স্টেশনে এসে পৌছেছি।
I've never seen a whale that big.,আমি অত বড় তিমি কখনো দেখিনি।
I've told you so a hundred times.,আমি তোমাকে এটা একশবার বলেছি।
I've told you so a hundred times.,আমি আপনাকে এটা একশবার বলেছি।
"If all goes well, I'll visit you.",সবকিছু ঠিকঠাক থাকলে আমি আপনার সাথে দেখা করব।
"In general, things are all right.",সাধারণ ভাবে সব কিছুই ঠিক্টহাক আছে।
Is everything ready for tomorrow?,আগামীকালকের জন্য সব তৈরি তো?
Is there a discount for children?,বাচ্চাদের জন্য কোনো ছাড় আছে?
Is there a discount for students?,ছাত্রছাত্রীদের জন্য কোনো ছাড় আছে?
Keep children away from medicine.,বাচ্চাদের ঔষধের সংস্পর্শ থেকে দূরে রাখুন।
Let's drink coffee while we talk.,কথা বলতে বলতে কফি খাওয়া যাক।
Let's make sure no one gets hurt.,কেউ যেন আঘাত না পায় তা নিশ্চিত করি।
Lincoln was assassinated in 1865.,লিঙ্কনকে ১৮৬৫ সালে হত্যা করা হয়েছিল।
"May I go to the bathroom, please?",আমি কি গোসলখানায় যেতে পারি?
Most Japanese eat rice every day.,বেশিরভাগ জাপানীরাই প্রত্যেকদিন ভাত খায়।
My hobby is visiting old temples.,আমার শখ পুরানো মন্দির পরিদর্শন করা।
My little brother is watching TV.,আমার ছোট ভাইটা টিভি দেখছে।
Our train leaves at eight-thirty.,আমাদের ট্রেন আটটা তিরিশে ছাড়বে।
People are starting to notice us.,মানুষ আমাদের লক্ষ্য করতে শুরু করেছে।
People like Tom lie all the time.,টমের মতো লোকেরা সব সময় মিথ্যা বলে।
Please tell me what I have to do.,আমাকে কী করতে হবে দয়া করে বলুন।
Please tell me your phone number.,আমাকে অনুগ্রহ করে আপনার ফোন নাম্বারটি বলুন।
She stopped to smoke a cigarette.,সে সিগারেট টানার জন্য থামল।
She waited for you for two hours.,সে তোমার জন্য দুই ঘণ্টা অপেক্ষা করেছিল।
She's asking how that's possible.,উনি জিজ্ঞাসা করছেন এটা কি করে সম্ভব।
She's asking how that's possible.,ইনি জিজ্ঞাসা করছেন এটা কি করে সম্ভব।
She's asking how that's possible.,তিনি জিজ্ঞাসা করছেন এটা কি করে সম্ভব।
She's asking how that's possible.,ও জিজ্ঞাসা করছে এটা কি করে সম্ভব।
She's asking how that's possible.,সে জিজ্ঞাসা করছে এটা কি করে সম্ভব।
Success depends mostly on effort.,সাফল্য অধিকাংশ ক্ষেত্রে প্রচেষ্টার উপর নির্ভর করে।
Tell me why you want to go there.,আপনি সেখানে যেতে চান কেন তা বলুন।
That doesn't sound too difficult.,এটা খুব কঠিন শোনাচ্ছে না।
That was the best day of my life.,সেটা আমার জীবনের সব থেকে ভালো দিন ছিল।
The history class starts at nine.,ইতিহাস ক্লাস নয়টায় শুরু হয়।
The wall has been painted yellow.,দেয়ালে হলুদ রং করা হয়েছে।
They haven't done anything wrong.,ওরা কোনো ভুল কিছু তো করেনি।
They haven't done anything wrong.,ওনারা কোনো ভুল কিছু তো করেননি।
This book is easy for me to read.,এই বইটি পড়া আমার জন্য সহজ।
Tom aimed his rifle at the tiger.,টম তার রাইফেল বাঘের দিকে তাক করলো।
Tom doesn't know Mary's children.,টম মেরির বাচ্চাদের চেনে না।
Tom doesn't study French anymore.,টম আর ফরাসি অধ্যয়ন করে না।
Tom has a robotic vacuum cleaner.,টমের একটি রোবোটিক ভ্যাকুয়াম ক্লিনার আছে।
Tom is afraid he might get fired.,টম ভয় পাচ্ছে যে তাকে বরখাস্ত করা হতে পারে।
Tom knows everyone here can swim.,টম জানে এখানে সবাই সাঁতার কাটতে পারে।
Tom told me he's never done that.,টম আমাকে বলেছে সে এটা করেনি।
Tom tried to keep away from Mary.,টম মেরির থেকে দূর থাকার চেষ্টা করছিল।
Tom tried to keep away from Mary.,টম মেরির থেকে দূর থাকার চেষ্টা করছিলেন।
Tom was brutally beaten to death.,টমকে নির্মমভাবে পিটিয়ে হত্যা করা হয়।
Tom was glad that Mary was there.,মেরি সেখানে থাকায় টম খুশি হয়েছিল।
Tom was in the library with Mary.,টম মেরির সাথে লাইব্রেরিতে ছিল।
Tomorrow is my first day of work.,আগামীকাল আমার কাজের প্রথম দিন।
We don't want to change anything.,আমরা কিছু পরিবর্তন করতে চাই না।
We'll have to wait a few minutes.,আমাদের কয়েক মিনিট অপেক্ষা করতে হবে।
What made you come here so early?,তুমি এত তাড়াতাড়ি এখানে এসেছ কেন?
What makes you think I want this?,আপনার কেন মনে হয় আমি এটা চাই?
What time do you usually turn in?,আপনি এমনিতে কটার সময় ঘুমাতে যান?
What time does your plane depart?,আপনার প্লেনটা কটার সময় ছাড়বে?
Which do you think would be best?,আপনার মতে কোনটি সবচেয়ে ভালো হবে?
Why don't you want to wear a tie?,কেন তুমি টাই পরতে চাও না?
"Yesterday, I put honey in my tea.",গতকাল আমি আমার চায়ে মধু দিয়েছিলাম।
You can stay as long as you like.,আপনি যতক্ষণ ইচ্ছে থাকতে পারেন।
You can stay as long as you like.,তুমি যতক্ষণ ইচ্ছে থাকতে পারো।
You need to be strong to do that.,এটা করতে হলে তোমাকে শক্তিশালী হতে হবে।
"You're able to dance, aren't you?","তুমি নাচতে পার, তাই না?"
You're in better shape than I am.,আমার থেকে তোমার অবস্থা অনেক ভালো।
"Anything else? ""No, that's all.""","আর কিছু লাগবে? ""না, আর কিছু না।"""
"After supper, I washed the dishes.","রাতের খাবারের পরে, আমি থালাবাসন ধুয়ে ফেললাম।"
Am I going in the right direction?,আমি কি ঠিক দিকেই যাচ্ছি?
Consult a lawyer if you need help.,আপনার সাহায্যের প্রয়োজন হলে একজন আইনজীবীর সাথে পরামর্শ করুন।
Could I have these clothes ironed?,এই কাপরগুলো কি ইস্তিরি করা অবস্থায় পেতে পারি?
Could you dim the lights a little?,আপনি কি আলোটা একটু কমাতে পারেন?
Could you please repeat it slowly?,আপনি কি ধীরে ধীরে আর একবার বলতে পারবেন?
"Could you write that down, please?",আপনি কি অনুগ্রহ করে ওটা একটু লিখে দিতে পারবেন?
Did you actually see the accident?,আপনি কি সত্যিই কি দুর্ঘটনাটি ঘটতে দেখেছেন?
Did you buy it today or yesterday?,আপনি কি এটা আজ কিনেছেন না গতকাল?
Do you have any idea what that is?,এটা সম্পর্কে আপনার কি কোনো ধারনা আছে?
Do you think Tom wants to eat now?,আপনার কি মনে হয় টম এখন খেতে চায়?
Do you understand what I'm saying?,আমি যা বলছি আপনি কি তা বুঝতে পারছেন?
Do you understand what I'm saying?,আমি যা বলছি তুমি কি তা বুঝতে পারছো?
Everyone hoped that she would win.,সবাই আশা করেছিল সে জিতবে।
Few people understood his comment.,কম লোকই ওনার মন্তব্য বুঝতে পারলেন।
He borrowed money from his friend.,সে তার বন্ধুর কাছ থেকে টাকা ধার করেছে।
He decided not to go to the party.,উনি পার্টিতে না যাওয়াই ঠিক করলেন।
He decided not to go to the party.,তিনি পার্টিতে না যাওয়াই ঠিক করলেন।
He decided not to go to the party.,ও পার্টিতে না যাওয়াই ঠিক করলো।
He decided not to go to the party.,সে পার্টিতে না যাওয়াই ঠিক করলো।
He doesn't care much for baseball.,তিনি বেসবলকে খুব একটা পাত্তা দেন না।
He forgot his wedding anniversary.,তিনি তার বিবাহ বার্ষিকী ভুলে গেছেন।
He seldom gives his wife presents.,তিনি তার স্ত্রীকে উপহার দেন না বললেই চলে।
He talks as if he knew everything.,সে এমনভাবে কথা বলে যেন সে সব জানে।
How long have you lived in Boston?,আপনি বস্টনে কত বছর ছিলেন?
How long have you lived in Boston?,তুমি বস্টনে কত বছর ছিলে?
How many photos are in this album?,এই অ্যালবামে কয়টি ছবি আছে?
"I broke his heart, but I love him.",আমি তার হৃদয় ভেঙেছি কিন্তু আমি তাকে ভালোবাসি।
I don't have anything to give you.,তোমাকে দেওয়ার মতো কিছু আমার নেই।
I don't know anything about Japan.,আমি জাপান সম্বন্ধে কিছুই জানিনা।
I don't know anything about Japan.,আমি জাপানের ব্যাপারে কিছুই জানিনা।
I don't know where you want to go.,আমি জানিনা আপনি কোথায় যেতে চান।
I don't know where you want to go.,আমি জানিনা তুমি কোথায় যেতে চাও।
I don't think it'll rain tomorrow.,আমার মনে হয় না কালকে বৃষ্টি হবে।
I don't want to go shopping alone.,আমি একা কেনাকাটা করতে যেতে চাই না।
I don't want to go shopping today.,আমি আজকে কেনাকাটা করতে যেতে চাই না।
I don't want to talk about it now.,আমি এখন এটা নিয়ে কথা বলতে চাই না।
I found a good Mexican restaurant.,আমি একটি ভালো মেক্সিকান রেস্তোরাঁ খুঁজে পেয়েছি।
I had a horrible dream last night.,কাল রাতে আমি একটা বীভৎস স্বপ্ন দেখেছি।
I have a cough and a little fever.,আমার কাশি আছে আর অল্প জ্বর আছে।
I have already changed my clothes.,আমি এরমধ্যেই আমার জামাকাপর পালটে ফেলেছি।
I haven't downloaded the file yet.,আমি এখনো ফাইলটা ডাউনলোড করিনি।
I knew that you wouldn't be fired.,আমি জানতাম যে তোমাকে বরখাস্ত করা হবে না।
I know that Tom is afraid of Mary.,আমি জানি টম মেরিকে ভয় পায়।
I met a guy named Tom in the park.,আমার পার্কে টম নামে একজনের সঙ্গে দেখা হলো।
I need to talk to the both of you.,আমার আপনাদের দুজনের সাথে কথা বলা দরকার।
I really appreciate your kindness.,আমি সত্যিই আপনার উদারতার তারিফ করছি।
I seem to always be busy nowadays.,মনে হয় আজকাল সব সময় ব্যস্ত থাকি।
I should've followed Tom's advice.,আমার টমের পরামর্শ মানা উচিৎ ছিল।
I spent twelve hours on the train.,আমি ট্রেনে বারো ঘন্টা কাটিয়েছি।
I think you're sitting in my seat.,আমার মনে হয় আপনি আমার সীটে বসে আছেন।
I thought you wanted to murder me.,আমি ভেবেছিলাম তুমি আমায় খুন করতে চেয়েছিলে।
I walk past that church every day.,আমি প্রতিদিন ঐ গির্জার পাশে দিয়ে যাই।
I'd like to cancel my reservation.,আমি আমার আসন সংরক্ষণটি বাতিল করতে চাই।
I'd like to change my reservation.,আমি আমার সংরক্ষণটি বাতিল করতে চাই।
I'll be back in four or five days.,আমি চার বা পাঁচ দিনের মধ্যে ফিরে আসবো।
I'm sure both Tom and Mary are OK.,আমি নিশ্চিত টম এবং মেরি দুজনেই ঠিক আছে।
I'm too tired to walk any further.,আমি এতই ক্লান্ত যে আর হাটতে পারব না।
I've done things I'm not proud of.,আমি এমন সব কাজ করেছি যাতে আমি গর্বিত নই।
I've never told anyone about this.,আমি কোনদিন কাউকে এই ব্যপারে বলিনি।
"If you want, you can easily do it.","আপনি যদি চান, আপনি সহজেই এটি করতে পারেন।"
Is there another way to get there?,ওখানে যাওয়ার আর কোন রাস্তা আছে?
Is your new computer working well?,আপনার নতুন কম্পিউটার কি ভালোভাবে কাজ করছে?
It's hard to forget what happened.,যা ঘটেছে তা ভুলে যাওয়া কঠিন।
Mary is going to help us tomorrow.,মেরি আগামীকাল আমাদের সাহায্য করবে।
My father is always getting angry.,আমার বাবা সবসময় রেগে যান।
My father is very good at fishing.,আমার বাবা মাছ ধরাতে খুব ভাল।
My mother can play golf very well.,আমার মা খুব ভাল গলফ খেলতে পারে।
My mother knows how to make cakes.,আমার মা জানে কিভাবে কেক বানাতে হয়।
My name was omitted from the list.,তালিকাটি থেকে আমার নামটা বাদ গেছে।
My neighbor's name is Tom Jackson.,আমার প্রতিবেশীর নাম টম জ্যাকসন।
Please be quiet for a few minutes.,অনুগ্রহ করে কয়েক মিনিট চুপ থাকুন।
She doesn't want to talk about it.,ইনি এই বিষয় কথা বলতে চান না।
She doesn't want to talk about it.,ঊনি এই বিষয় কথা বলতে চান না।
She doesn't want to talk about it.,তিনি এই বিষয় কথা বলতে চান না।
She doesn't want to talk about it.,ও এই বিষয় কথা বলতে চায় না।
She doesn't want to talk about it.,সে এই বিষয় কথা বলতে চায় না।
She hugged the baby to her breast.,তিনি তার বাচ্চাকে বুকে জড়িয়ে ধরলেন।
"Sometimes, I think Tom is a robot.",মাঝে মাঝে আমার মনে হয় টম একটা রোবট।
The can was made out of aluminium.,ক্যানটি অ্যালুমিনিয়াম দিয়ে তৈরি করা হয়েছে।
The plane arrived exactly at nine.,বিমানটি ঠিক নটার সময় পৌছাল।
The police warned us to keep back.,পুলিশ আমাদের পেছনে যেতে আদেশ দিল।
There were no roses in the garden.,বাগানে কোনো গোলাপ ছিল না।
There's a cockroach under the bed.,খাটের নিচে একটা তেলাপোকা আছে।
This medicine will cure your cold.,এই ওষুধটি আপনার ঠান্ডা নিরাময় করবে।
Tom and I were the only survivors.,কেবল আমি ও টম বেঁচে ছিলাম।
Tom asked Mary to play the guitar.,টম ম্যারিকে গিটার বাজাতে বলেছে।
Tom asked questions about viruses.,টম ভাইরাস বিষয়ক প্রশ্ন জিজ্ঞাসা করেছিল।
Tom certainly is good at baseball.,টম বেসবল খেলায় সত্যিই ভালো।
Tom didn't like that movie at all.,টমের সেই মুভিটি মোটেও পছন্দ হয়নি।
Tom doesn't have a girlfriend yet.,টমের এখনো কোনো প্রেমিকা নেই।
Tom is staying with his relatives.,টম ওর আত্বীয়দের সাথে থাকছে।
Tom is tall and so is his brother.,টম লম্বা এবং তার ভাইও।
Tom kept me waiting all afternoon.,টম আমাকে সারা দুপুর অপেক্ষা করিয়ে রেখেছিল।
Tom kept me waiting all afternoon.,টম আমাকে সারা দুপুর অপেক্ষা করিয়ে রেখেছিলেন।
Tom put his backpack on the table.,টম তার কাঁধের ব্যাগ টেবিলের উপরে রেখেছিল।
Tom was the only guy in the class.,ক্লাসের একমাত্র ছেলে ছিল টম।
Tom went shopping with his family.,টম তার পরিবারের সাথে কেনাকাটা করতে গেছে।
Tom will tell Mary not to do that.,টম মেরিকে ওটা না করতে বলবে।
Wake me up early tomorrow morning.,আগামীকাল সকাল সকাল আমায় ঘুম থেকে ডেকে তুলবেন।
We all know the rest of the story.,বাকি গল্পটা আমরা সবাই জানি।
We hope to get married on a beach.,আমরা একটি সমুদ্র সৈকতে বিয়ে করার আশা করি।
We'll arrive there within an hour.,আমরা এক ঘন্টার মধ্যে সেখানে পৌঁছে যাব।
What do you think I've been doing?,আপনার কি মনে হয় আমি কি করছিলাম?
What do you think I've been doing?,তোমার কি মনে হয় আমি কি করছিলাম?
What do you usually do on Sundays?,আপনি রবিবার সাধারনত কী করেন?
When is the next flight to Boston?,বস্টন যাওয়ার পরের ফ্লাইটটা কখন?
When will that novel be published?,সেই উপন্যাস কবে প্রকাশিত হবে?
Where can I buy a shirt like that?,ওই ধরনের একটা জামা কোথা থেকে কিনতে পারব?
You know very well what Tom wants.,আপনি ভাল করেই জানেন টম কি চায়।
You may choose whichever you want.,আপনার যেটা ইচ্ছা সেটা বেছে নিতে পারেন।
You may choose whichever you want.,তোমার যেটা ইচ্ছা সেটা বেছে নিতে পার।
You may wear anything you want to.,আপনি যেটা চান সেটাই পরতে পারেন।
You really should've phoned ahead.,আপনার সত্যিই আগে ফোন করা উচিত ছিল।
You really should've phoned ahead.,তোমার সত্যিই আগে ফোন করা উচিত ছিল।
You're not allowed to eat in here.,আপনি এখানে খেতে পারবেন না।
You're not allowed to eat in here.,আপনার এখানে খাওয়ার অনুমতি নেই।
You've got to stop doing that now.,আপনার এখন ওটা করা বন্ধ করতে হবে।
Your friendship means a lot to me.,তোমার বন্ধুত্ব আমার কাছে অনেক কিছু।
Your hat is somewhere around here.,আপনার টুপি এখানে কাছাকাছি কোথাও আছে।
"What time is it now? ""It's 3:30.""","এখন কয়টা বাজে? ""এখন ৩:৩০ বাজে।"""
"Who wrote this report? ""Tom did.""","এই রিপোর্ট কে লিখেছে? ""টম লিখেছে।"""
A lot has happened in the meantime.,এরই মধ্যে অনেক কিছু হয়েছে।
"By the way, do you play the violin?","যাইহোক, আপনি কি বেহালা বাজান?"
California is famous for its fruit.,ক্যালিফোর্নিয়া সেখানকার ফলের জন্য বিখ্যাত।
Can you show me your boarding pass?,আপনি কি আমাকে আপনার বোর্ডিং পাসটা দেখাতে পারবেন?
"Could you call again later, please?",আপনি কি অনুগ্রহ করে পরে আবার ফোন করতে পারবেন?
Could you please sign the register?,আপনি কি দয়া করে রেজিস্টারটায় সই করতে পারবেন?
Did you go anywhere for the summer?,আপনি কি গরমে কোথাও গেছিলেন?
Do you have anything for headaches?,আপনার কি মাথাব্যথার জন্য কিছু আছে?
Do you mind my sitting next to you?,আমি তোমার পাশে বসলে কিছু মনে করবে?
Do you mind my sitting next to you?,আমি আপনার পাশে বসলে কিছু মনে করবেন?
Do you mind my sitting next to you?,আমি তোর পাশে বসলে কিছু মনে করবি?
"Do you need to stay in Boston, too?",আপনাকেও কি বোস্টনে থাকতে হবে?
Do you understand what he's saying?,উনি যা বলছেন আপনি কি তা বুঝতে পারছেন?
Do you understand what he's saying?,ও যা বলছে আপনি কি তা বুঝতে পারছেন?
Do you understand what he's saying?,উনি যা বলছেন তুমি কি তা বুঝতে পারছো?
Do you understand what he's saying?,ও যা বলছে তুমি কি তা বুঝতে পারছো?
Do you want to eat noodles or rice?,আপনি কি নুডলস খেতে চান না ভাত খেতে চান?
Do you want to eat noodles or rice?,তুমি কি নুডলস খেতে চাও না ভাত খেতে চাও?
Don't tell anyone what we're doing.,আমরা যা করছি তা কাউকে বলবেন না।
He was burned to death in the fire.,তিনি আগুনে পুড়ে মারা যান।
He was burned to death in the fire.,তিনি আগুনে পুড়ে মারা গিয়েছিলেন।
He worked hard in order to succeed.,সফল হওয়ার জন্য তিনি কঠোর পরিশ্রম করেছেন।
How can I get to the train station?,আমি ট্রেন স্টেশনে কিভাবে যাব?
How can I get to the zoo from here?,আমি এখান থেকে চিড়িয়াখানায় কিভাবে যাব?
How do you know so much about this?,আপনি এই সম্পর্কে এত কিছু জানেন কিভাবে?
Humans can't see ultraviolet light.,মানুষরা অতিবেগুনী রশ্মিকে দেখতে পায় না।
Humans can't see ultraviolet light.,মানুষ অতিবেগুনী আলো দেখতে পারে না।
I am so busy that I can't help you.,আমি এতই ব্যস্ত যে আপনাকে আমি সাহায্য করতে পারব না।
I can't tell you why that happened.,সেটা কেন ঘটেছে তা আমি আপনাকে বলতে পারব না।
I don't feel like doing that again.,আমি আবার এটা করতে চাই না।
I don't have enough experience yet.,আমার এখনও যথেষ্ট অভিজ্ঞতা নেই।
I don't like talking about the war.,আমি যুদ্ধটির বিষয়ে কথা বলা পছন্দ করি না।
I hear you have friends in the CIA.,আমি শুনলাম আপনার নাকি সি আই এ তে কিছু বন্ধু আছে।
I just received a message from Tom.,আমি এইমাত্র টমের কাছ থেকে একটি বার্তা পেয়েছি।
I know you don't like me very much.,আমি জানি তুমি আমাকে খুব একটা পছন্দ করো না।
I need to be in Boston next Monday.,আগামী সোমবারে আমায় বোস্টনে যেতে হবে।
I think it's the right thing to do.,আমার মনে হয় এটা করাই ঠিক হবে।
I think that Tom won't do it again.,আমি মনে করি টম এটা আর করবে না।
I thought that you didn't like Tom.,আমি ভেবেছিলাম তুমি টমকে পছন্দ করো না।
I want to get off at the next stop.,আমি পরের স্টপে নামতে চাই।
I was young and naive at that time.,আমি তখন তরুণ এবং সাদাসিধা ছিলাম।
I wasn't able to get what I wanted.,আমি যা চেয়েছিলাম তা পাইনি।
I wish to go to Paris to study art.,আমি প্যারিসে গিয়ে শিল্পকলা পড়তে চাই।
I won't leave you here by yourself.,আমি তোমাকে এখানে একা ছেড়ে যাবো না।
I wonder why Tom went to Australia.,আমি ভাবছি টম কেন অস্ট্রেলিয়া গেল।
I'd like to watch this movie again.,আমি আবার এই সিনেমা দেখতে চাই।
I'll be out of town for a few days.,আমি কিছুদিন শহরের বাইরে থাকবো।
I'm assuming it won't be a problem.,আমি অনুমান করছি এটি কোনো সমস্যা হবে না।
I'm grateful to be able to do this.,আমি এটা করতে পেরে কৃতজ্ঞ।
I'm looking for a gift for my wife.,আমি আমার স্ত্রীএর জন্য একটা গিফট খুজছি।
I've been hoping you would drop in.,আমি ভাবছিলাম তুমি এসে উপস্থিত হবে।
I've been hoping you would drop in.,আমি ভাবছিলাম আপনি এসে উপস্থিত হবেন।
I've been hoping you would drop in.,আমি ভাবছিলাম তুই এসে উপস্থিত হবি।
"If I don't do it now, I never will.","আমি যদি এটা এখন না করি, তো কখনই করবো না।"
Is it really that important to you?,এটা কি সত্যিই আপনার কাছে গুরুত্বপূর্ণ?
Is there anything I can do for you?,আমি কি তোমার জন্য কিছু করতে পারি?
It's been raining since last night.,কাল রাত থেকে বৃষ্টি পড়ছে।
It's far better than it used to be.,এটা আগের চেয়ে অনেক ভালো।
My computer won't start up anymore.,আমার কম্পিউটার আর চালু হবে না।
My hobby is collecting old bottles.,পুরানো বোতল জমা করা আমার নেশা।
Nearly all Japanese have dark hair.,প্রায় সব জাপানি লোকের চুলই কালো।
Nothing is achieved without effort.,চেষ্টা ছাড়া কিছুই অর্জিত হয় না।
Nowadays nobody believes in ghosts.,এখনকার দিনে কেউই ভুতে বিশ্বাস করে না।
Please accept my sincere apologies.,অনুগ্রহ করে আমার আন্তরিক ক্ষমাপ্রার্থনা স্বীকার করবেন।
Please deposit the money in a bank.,অনুগ্রহ করে টাকাটা ব্যাঙ্কে জমা করে দিন।
Please deposit the money in a bank.,অনুগ্রহ করে টাকাটা ব্যাঙ্কে জমা করুন।
Salmon can jump up to 12 feet high.,সালমন ১২ ফুট পর্যন্ত উঁচুতে লাফ দিতে পারে।
She accompanied me to the hospital.,ও আমার সঙ্গে হাসপাতালে গেছিল।
She accompanied me to the hospital.,উনি আমার সঙ্গে হাসপাতালে গেছিলেন।
She accompanied me to the hospital.,সে আমার সঙ্গে হাসপাতালে গেছিল।
She accompanied me to the hospital.,তিনি আমার সঙ্গে হাসপাতালে গেছিলেন।
She folded her handkerchief neatly.,উনি ওনার রুমালটা পরিপাটি করে ভাঁজ করলেন।
She folded her handkerchief neatly.,ও ওর রুমালটা পরিপাটি করে ভাঁজ করলো।
The police didn't let Tom see Mary.,পুলিশ টমকে মেরিকে দেখতে দেয়নি।
The soldiers killed many villagers.,সৈন্যরা বহু গ্রামবাসীকে হত্যা করেছিলো।
There are 30 students in our class.,আমাদের শ্রেণীকক্ষে ৩০জন শিক্ষার্থী আছে।
There's one for you and one for me.,আপনার জন্য একটি এবং আমার জন্য একটি আছে।
They have elected a new government.,তারা নতুন সরকার নির্বাচন করেছে।
They say this old house is haunted.,সবাই বলে যে এই পুরানো বাড়িটায় ভুত আছে।
They say this old house is haunted.,সবাই বলে যে এই পুরানো বাড়িটা ভুতুড়ে।
This is a picture of Tom's new car.,টমের নতুন গাড়ির ছবি এটা।
Today is the hottest day this year.,আজ বছরের সব থেকে গরম দিন।
Tom can see things that Mary can't.,টম এমন জিনিস দেখতে পারে যা মেরি পারে না।
Tom could see that Mary was crying.,টম দেখতে পেলো যে মেরি কাঁদছে।
Tom doesn't want to play billiards.,টম বিলিয়ার্ড খেলতে চায় না।
Tom followed Mary out of the house.,টম মেরির পেছনে পেছনে বাড়ির বাইরে গেল।
Tom forgot his wedding anniversary.,টম তার বিবাহ বার্ষিকী ভুলে গেছে।
Tom held his breath for one minute.,টম এক মিনিট ধরে তার নিশ্বাস আটকে রাখলো।
Tom is one of Mary's best students.,টম মেরির সেরা ছাত্রদের একজন।
Tom likes reading detective novels.,টম গোয়েন্দা উপন্যাস পড়তে পছন্দ করে।
Tom spent all day fixing computers.,টম সারাদিন কম্পিউটার ঠিক করে কাটিয়েছে।
Tom talked to all the people there.,টম সেখানকার সব মানুষের সাথে কথা বলেছেন।
"Waiter, please bring me some water.","ওয়েটার, আমার জন্য একটু জল এনো।"
We can't just ignore the situation.,আমরা কেবল পরিস্থিতি উপেক্ষা করতে পারি না।
We have lots of other things to do.,আমাদের আরও অনেক কিছু করার আছে।
We were here about three years ago.,আমরা প্রায় তিন বছর আগে এখানে এসেছিলাম।
We were unable to follow his logic.,আমরা তার যুক্তি অনুসরণ করতে পারিনি।
We would like to stay here tonight.,আমরা এখানে আজ রাতের জন্য থাকতে চাই।
We're desperate to find a solution.,আমরা একটি সমাধান খোঁজার জন্য মরিয়া হয়ে আছি।
We're here to investigate a murder.,আমরা এখানে এসেছি একটা খুনের তদন্ত করতে।
What are you going to do next week?,আগামী সপ্তাহে আপনি কী করবেন?
What language is spoken in America?,আমেরিকাতে কোন ভাষায় কথা বলা হয়?
What time do you usually eat lunch?,আপনি এমনিতে দুপুরের খাবার কটার সময় খান?
What time do you usually eat lunch?,আপনি এমনিতে লাঞ্চ কটার সময় খান?
What time do you usually eat lunch?,আপনি এমনিতে লাঞ্চ কটার সময় করেন?
What time do you usually go to bed?,আপনি এমনিতে কটার সময় ঘুমাতে যান?
What time do you usually go to bed?,তুমি এমনিতে কটার সময় ঘুমাতে যাও?
When will you give me back my book?,কবে আমার বই ফেরত দেবে?
Who's your favorite American actor?,আপনার প্রিয় মার্কিন অভিনেতা কে?
Why didn't you tell me that before?,তুমি ওটা আমাকে আগে বল্লে না কেন?
Why weren't you in class yesterday?,তুমি গতকাল ক্লাসে ছিলে না কেন?
Wolves won't usually attack people.,নেকড়েরা সাধারণত মানুষদের আক্রমণ করে না।
You forgot our wedding anniversary.,আপনি আমাদের বিবাহ বার্ষিকী ভুলে গেছেন।
You're sitting too close to the TV.,আপনি টিভির খুব কাছে বসে আছেন।
About thirty villagers were injured.,প্রায় তিরিশজন গ্রামবাসী আহত হয়েছেন।
Another possibility occurred to Tom.,টমের আরেকটি সম্ভাবনার কথা মনে পড়ল।
Cinderella had two evil stepsisters.,সিন্ডারেলার দুজন দুষ্ট সৎ বোন ছিল।
Could you reduce the price a little?,আপনি কি দামটা একটু কমাতে পারবেন?
"Could you speak more slowly, please?",আপনি কি অনুগ্রহ করে আরো ধীরে ধীরে কথা বলতে পারবেন?
Did you manage to get there on time?,আপনি কি যথাসময়ে সেখানে পৌঁছেছিলেন?
Do you really want to dance with me?,তুমি কি সত্যিই আমার সাথে নাচতে চাও?
Do you think that you could help me?,আপনি মনে হয় যে আপনি আমাকে সাহায্য করতে পারেন?
Does the room have air conditioning?,এই ঘরে শীততাপ নিয়ন্ত্রন করা যায়?
He advocated the reduction of taxes.,তিনি কর কমানোর পক্ষে ছিলেন।
He does not know how to drive a car.,তিনি গাড়ি চালাতে জানেন না।
He spent the evening reading a book.,ও সন্ধ্যেবেলা বই পড়ে কাটায়।
He spent the evening reading a book.,উনি সন্ধ্যেবেলা বই পড়ে কাটান।
He spent the evening reading a book.,সে সন্ধ্যেবেলা বই পরে কাটা্য়।
He spent the evening reading a book.,তিনি সন্ধ্যেবেলা বই পরে কাটান।
He stuck the broken pieces together.,উনি ভাঙ্গা টুকরোগুলো জোড়া লাগালেন।
How can I get to the police station?,আমি পুলিশ স্টেশনে কিভাবে যাব?
I advised Tom to go to the hospital.,আমি টমকে হাসপাতালে যাওয়ার উপদেশ দিয়েছি।
I am staying at a hotel in New York.,আমি নিউ ইয়র্কে একটা হোটেলে রয়েছি।
I didn't expect to have so much fun.,এত মজা পাবো আশা করিনি।
I didn't know that Tom was so tired.,আমি জানতাম না টম এত ক্লান্ত ছিলো।
I don't know because I wasn't there.,আমি জানি না কারণ আমি সেখানে ছিলাম না।
I don't think that Tom is breathing.,আমার মনে হয় না টম শ্বাস নিচ্ছিল।
I don't want you to forget about me.,আমি চাই না তুমি আমাকে ভুলে যাও।
I got up at six-thirty this morning.,আমি আজ সকাল ছটা তিরিশে উঠেছি।
I have a tattoo on my left shoulder.,আমার বাঁ কাঁধে একটা উল্কি আছে।
I know you don't want to talk to me.,আমি জানি তুমি আমার সাথে কথা বলতে চাও না।
I know you don't want to talk to me.,আমি জানি যে তুমি আমার সাথে কথা বলতে চাও না।
I lost my key somewhere around here.,আমি এই কাছাকাছির মধ্যেই কোথাও আমার চাবি হারিয়ে ফেলেছি।
I lost my key somewhere around here.,আমি এই আশেপাশেই কোথাও আমার চাবি হারিয়ে ফেলেছি।
I must've lost my key along the way.,আমি নিশ্চই আমার চাবিটা রাস্তায় হারিয়ে ফেলেছি।
I need to speak with you right away.,আমার এখুনি তোমার সাথে কথা বলা দরকার।
I think Tom is Mary's older brother.,আমার মনে হয় টম মেরির বড়ো ভাই।
I told Tom I wouldn't do that again.,আমি টমকে বলেছিলাম যে আমি আর এটা করব না।
I used to be able to play that song.,আমি ওই গানটা বাজাতে পারতাম।
I used to be able to sing that song.,আমি ওই গানটা গাইতে পারতাম।
I want to know who's coming with us.,আমি জানতে চাই কে আমাদের সাথে আসছে।
I'll finish reading this novel soon.,শীঘ্রই এই উপন্যাসটি পড়া শেষ করব।
I'm getting off at the next station.,আমি পরের স্টেশনে নেমে যাচ্ছি।
I'm going to study French next year.,আমি পরের বছর ফরাসি শিখবো।
I'm not sure that I've got it right.,আমি নিশ্চিত নই যে আমি এটা ঠিক করেছি।
"I'm sorry, but I don't speak French.","আমি দুঃখিত, কিন্তু আমি ফরাসি বলতে পারি না।"
If I am busy then I may arrive late.,আমি যদি ব্যস্ত থাকি তাহলে হয়ত দেরি করে ফিরতে পারি।
Let's listen to what Tom has to say.,টমের কি বলার আছে শোনা যাক।
Look at the girl with the long hair.,লম্বা চুলের মেয়েটির দিকে তাকান।
Maybe you should go to the hospital.,আপনার হয়তো হাসপাতালে যাওয়া উচিত।
My mother carefully opened the door.,আমার মা সতর্কতার সাথে দরজাটি খুলেছিল।
Noodles are usually made from wheat.,নুডলস সাধারণত ময়দা দিয়ে তৈরি হয়।
Nothing is darker than a black hole.,কৃষ্ণগহ্বরের চেয়ে অন্ধকার কিছু নেই।
Patience is essential for a teacher.,একজন শিক্ষকের জন্য ধৈর্য্য অত্যাবশ্যক।
"Recently, Tom seems to be very busy.",সম্প্রতি টমকে খুব ব্যস্ত মনে হচ্ছে।
Refrigerators help to preserve food.,রেফ্রিজারেটর খাবার সংরক্ষণে সাহায্য করে।
Return this book as soon as you can.,যত তাড়াতাড়ি পারেন এই বইটি ফেরত দিন।
Robots are used to manufacture cars.,গাড়ি তৈরিতে রোবট ব্যবহার করা হয়।
She couldn't hold back her laughter.,সে তার হাসি ধরে রাখতে পারেনি।
Tell me the reason why he was fired.,কেন তাকে চাকরিচ্যুত করা হয়েছে তার কারণ বলুন।
The audience was mostly businessmen.,দর্শকদের মধ্যে বেশিরভাগই ব্যবসায়ী ছিলো।
The police found the stolen jewelry.,পুলিশ চুরি যাওয়া গয়না উদ্ধার করেছে।
The village I live in is very small.,আমি যে গ্রামে থাকি সেটা খুব ছোটো।
There was no furniture in that room.,ওই ঘরে কোনো আসবাবপত্র ছিল না।
There's nothing as precious as love.,ভালোবাসার মতো মূল্যবান আর কিছু নেই।
Tom Jackson has written three books.,টম জ্যাকসন তিনটে বই লিখেছেন।
Tom almost forgot about the meeting.,টম মিটিঙ্গের কথাটা প্রায় ভুলেই গেছিলো।
Tom and Mary really liked Australia.,টম এবং মেরি সত্যিই অস্ট্রেলিয়াকে পছন্দ করেছিলো।
Tom called an ambulance immediately.,টম সাথে সাথেই একটি অ্যাম্বুলেন্স ডেকেছিলো।
Tom certainly plays the guitar well.,টম গীটারটা সত্যিই খুব ভালো বাজায়।
"Tom doesn't look too happy, does he?","টমকে খুব একটা খুশি দেখাচ্ছে না, তাই না?"
Tom eats lunch by himself every day.,টম প্রতিদিন নিজে নিজেই দুপুরের খাবার খায়।
Tom eats lunch by himself every day.,টম প্রতিদিন একাই দুপুরের খাবার খায়।
Tom has written more than 300 songs.,টম ৩০০র ও বেশি গান লিখেছে।
"Tom is going to Australia, isn't he?","টম অস্ট্রেলিয়া যাচ্ছে, তাই না?"
Tom reluctantly went to the dentist.,অনিচ্ছা সত্বেও টম দাঁতের ডাক্তারের কাছে গেলো।
Tom seems to be listening carefully.,টম খুব মন দিয়ে শুনছে বলে মনে হচ্ছে।
Tom should've been fired months ago.,টমকে কয়েক মাস আগেই বহিস্কার করা উচিত ছিল।
Turn right at the next intersection.,পরের মোড়টায় ডানদিকে বেঁকে যাবেন।
"Two glasses of orange juice, please.",দয়া করে আমাকে দুই গ্লাস কমলার রস দিন।
We can't sleep because of the noise.,আওয়াজের জন্য আমরা ঘুমাতে পারছি না।
We can't sleep because of the noise.,শব্দের জন্য আমরা ঘুমাতে পারছি না।
What I want is some peace and quiet.,আমি শান্তি এবং নীরবতা চাই।
What kind of clothes do you dislike?,কোন ধরণের কাপড় আপনি অপছন্দ করেন?
What time does the next train leave?,পরের ট্রেনটা কটার সময় ছাড়ে?
What was it you wanted to say to me?,তুমি আমাকে কী বলতে চেয়েছিলে?
When did you begin studying English?,তুমি ইংরাজি পড়া কবে থেকে শুরু করলে?
When did you begin studying English?,আপনি ইংরাজি পড়া কবে থেকে শুরু করলেন?
Where did Tom tell you he was going?,টম কোথায় যাচ্ছে বলে বলেছে তোমায়?
Where will you be working next year?,আপনি আগামী বছর কোথায় কাজ করবেন?
Who else came to Australia with you?,আপনার সাথে অস্ট্রেলিয়ায় আর কে এসেছে?
Why don't you call customer service?,আপনি কাস্টমার সারভিসে ফোন করছেন না কেন?
"Will you fill out this form, please?",আপনি কি অনুগ্রহ করে এই ফর্মটি পূরণ করবেন?
Would you please fill out this form?,আপনি কি অনুগ্রহ করে এই ফর্মটি পূরণ করবেন?
You have the right to remain silent.,আপনার চুপ থাকার অধিকার আছে।
You need to fish where the fish are.,যেখানে মাছ আছে তোমার সেখানে মাছ ধরা উচিত।
"You told Tom to do this, didn't you?","তুমি টমকে এটা করতে বলেছিলে, তাই না?"
"Do you speak German? ""No, I don't.""","আপনি কি জার্মান বলতে পারেন? ""না, আমি পারি না।"""
"Do you speak German? ""No, I don't.""","তুমি কি জার্মান বলতে পারো? ""না, আমি পারি না।"""
Any student can answer that question.,যে কোনো ছাত্রই ওই প্রশ্নের উত্তর দিতে পারে।
Can a virus damage computer hardware?,ভাইরাস কি কম্পিউটারের হার্ডওয়্যারের ক্ষতি করতে পারে?
Do you have this in any other colors?,আপনার কাছে এটা কি অন্য কোনো রঙের আছে?
Do you understand what I want to say?,আমি কী বলতে চাইছি আপনি বুঝতে পারছেন?
Do you understand what I want to say?,আমি যা বলতে চাইছি আপনি কি তা বুঝতে পারছেন?
Do you understand what I want to say?,আমি কী বলতে চাইছি তুমি বুঝতে পারছো?
Do you understand what I want to say?,আমি যা বলতে চাইছি তুমি কি তা বুঝতে পারছো?
Don't call me when I'm at the office.,আমি অফিসে থাকাকালীন আমাকে কল করবে না।
Have you finished writing your novel?,আপনি কি আপনার উপন্যাস লেখা শেষ করেছেন?
He attends the same school that I do.,"আমি যে স্কুলে যা, সে ঐ স্কুলেই যায়।"
He doesn't eat anything except fruit.,সে ফল ছাড়া অন্য কিছু খায় না।
He doesn't eat anything except fruit.,ও ফল ছাড়া অন্য কিছু খায় না।
He doesn't eat anything except fruit.,উনি ফল ছাড়া অন্য কিছু খান না।
He doesn't eat anything except fruit.,তিনি ফল ছাড়া অন্য কিছু খান না।
He was killed in a railroad accident.,ট্রেন দুর্ঘটনায় তিনি নিহত হন।
His dog follows him wherever he goes.,"তিনি যেখানে যেতেন, তাঁর কুকুর তাঁর পছনে পেছনে যেত।"
His dog follows him wherever he goes.,"উনি যেখানে যেখানে যেতেন, ওনার কুকুর ওনার পেছনে পেছনে যেত।"
His dog follows him wherever he goes.,"ও যেখানে যেখানে যেও, ওর কুকুর ওর পেছনে পেছনে যেত।"
His dog follows him wherever he goes.,"সে যেখানে যেখানে যেত, তার কুকুর তার পেছনে পেছনে যেত।"
How can I get to the hospital by bus?,আমি বাসে করে হাসপাতালে কিভাবে যাব?
How did you know I grew up in Boston?,আপনি কিভাবে জানেন যে আমি বোস্টনে বড় হয়েছি?
How long have you been out of prison?,কতদিন ধরে জেলের বাইরে আছেন?
How much does it cost for one person?,একজনের জন্য কত টাকা লাগবে?
I bought this medicine for my father.,এই অষুধটা আমি আমার বাবার জন্য কিনেছি।
I can't tell one twin from the other.,আমি একজন জমজের থেকে আর একজনকে আলাদা করে চিনতে পারি না।
I could swim faster when I was young.,আমি যখন ছোট ছিলাম তখন আমি দ্রুত সাঁতার কাটতে পারতাম।
I do not want to reply to his letter.,আমি এই চিঠিটার উত্তর দিতে চাই না।
I don't believe a word you're saying.,আপনার বলা একটি কথাও আমি বিশ্বাস করি না।
I don't think I'm likely to be fired.,আমি মনে করি না আমাকে বরখাস্ত করা হবে।
I don't think that I was disobedient.,আমি মনে করি না যে আমি অবাধ্য ছিলাম।
I don't think that Tom is aggressive.,আমি মনে করি না যে টম আক্রমণাত্মক।
I don't think we'll have enough time.,আমার মনে হয় না আমরা যথেষ্ট সময় পাবো।
I don't want Tom to see me like that.,আমি চাই না টম আমাকে ওই অবস্থায় দেখুক।
I don't want Tom to see me like this.,আমি চাই না টম আমাকে এই অবস্থায় দেখুক।
I don't want to lose you as a friend.,আমি তোমাকে বন্ধু হিসেবে হারাতে চাই না।
I guess you don't need new tires yet.,আমি মনে করি আপনার এখনই নতুন টায়ারের প্রয়োজন নেই।
"I just sell newspapers, nothing else.","আমি শুধু খবরের কাগজ বিক্রি করি, আর কিছু না।"
I knew Tom used to live in Australia.,আমি জানতাম টম অস্ট্রেলিয়ায় থাকত।
I know that we still love each other.,আমি জানি আমরা একে অপরকে এখনো ভালোবাসি।
I really don't want to eat right now.,আমি সত্যিই এখন খেতে চাই না।
I spent all afternoon in the library.,সারাটা বিকেল লাইব্রেরিতে কাটিয়ে দিলাম।
I suspect that Tom doesn't like Mary.,আমার সন্দেহ হয় টম মেরিকে পছন্দ করে না।
I think you shouldn't have said that.,আমি মনে করি তোমার ওটা বলা উচিত হয়নি।
I want to know why Tom is doing this.,আমাকে এটা বলো যে টম কেন এমন করছে।
I want to know why you're doing this.,আমি জানতে চাই আপনি কেন এটা করছেন।
I worked as a waiter for three years.,আমি ওয়েটার হিসাবে তিন বছর কাজ করেছি।
I'll return to Australia in two days.,আমি দুদিনে অস্ট্রেলিয়া ফিরে যাব।
I'm looking for an inexpensive hotel.,আমি একটা সস্তা হোটেল খুঁজছি।
I'm not at all interested in physics.,আমি পদার্থবিজ্ঞানে মোটেই আগ্রহী নই।
I'm not going to the movies tomorrow.,আগামীকাল আমি সিনেমা দেখতে যাব।
I'm not interested in physics at all.,আমি পদার্থবিজ্ঞানে মোটেই আগ্রহী নই।
I've been looking for it all morning.,আমি সারা সকাল ধরে এটি খুঁজছি।
"If you need a pen, I'll lend you one.",আপনার কলমের প্রয়োজন হলে আমি আপনাকে একটি কলম ধার দিতে পারি।
Is this your first time in Australia?,এটায় প্রথমবারের মতো অস্ট্রেলিয়ায় আসা না কি?
Is this your first time in Australia?,প্রথমবার অস্ট্রেলিয়ায় এসেছেন না কি?
It's not good to read in a dark room.,অন্ধকার ঘরে পড়া ভালো না।
It's obvious there's something wrong.,কিছু যে ভুল আছে তা স্পষ্ট।
Language is a means of communication.,ভাষা হোলো যোগাযোগের একটা মাধ্যম।
Nothing remained in the refrigerator.,ফ্রিজে আর কিছুই অবশিষ্ট রইলো না।
Something has happened to this clock.,এই ঘড়ির কিছু একটা হয়েছে।
Tell Tom that I'm still in a meeting.,টমকে বলুন যে আমি এখনও মিটিংএ রয়েছি।
The earth orbits the sun once a year.,পৃথিবী বছরে একবার সূর্যকে প্রদক্ষিণ করে।
The suspect began to confess at last.,সন্দেহভাজন ব্যক্তি শেষ পর্যন্ত স্বীকারোক্তি দিতে শুরু করেছে।
There's so much I want to say to you.,তোমাকে আমার অনেক কিছু বলার ইচ্ছে আছে।
There's so much I want to say to you.,আপনাকে আমার কত কিছু বলার ইচ্ছা আছে।
Tom came back to Boston last October.,টম গত অক্টোবর বস্টনে ফিরে এসেছে।
Tom has been crying almost every day.,টম প্রায় প্রত্যেক দিন কেঁদেছে।
Tom has been working here since 2013.,টম এখানে ২০১৩ থেকে কাজ করছে।
Tom has come to pick up his children.,টম ওর বাচ্চাদের নিতে এসেছে।
"Tom is tall, but not as tall as I am.","টম লম্বা, কিন্তু আমার মতো লম্বা নয়।"
Tom is the former owner of this club.,টম এই ক্লাবের সাবেক মালিক।
Tom is well aware of Mary's problems.,টম মেরির সমস্যা সম্পর্কে ভালো করেই জানে।
Tom seems interested in nothing else.,টম অন্য কিছুতে আগ্রহী বলে মনে হচ্ছে।
Tom told Mary that he had to do that.,টম মেরিকে বলেছিল যে তাকে এটি করতেই হবে।
Tom told me he wants to go to Boston.,টম আমাকে বললো যে সে বস্টন যেতে চায়।
Tom told me that he was glad to help.,টম আমাকে বলেছিলেন যে তিনি সাহায্য করতে পেরে আনন্দিত।
Tom usually goes to bed at ten-forty.,টম সাধারণত দশটা চল্লিশ নাগাদ শুতে যায়।
Tom was arrested for drunken driving.,টম মাতাল অবস্থায় গাড়ি চালাবার জন্য গ্রেফতার হয়েছে।
Translate this sentence into English.,এই বাক্যটি ইংরাজিতে অনুবাদ করুন।
Turn right at the end of that street.,রাস্তাটার শেষে ডানদিকে বেঁকে যাবেন।
We need to finish what we've started.,আমরা যা শুরু করেছি তা শেষ করতে হবে।
We were friends right from the start.,আমরা শুরু থেকেই বন্ধু ছিলাম।
We're going to see if we can do that.,আমরা তা করতে পারি কিনা তা দেখতে যাচ্ছি।
What do you do with your old clothes?,আপনার পুরাতন কাপড় আপনি কী করেন?
What languages are spoken in America?,আমেরিকাতে কোন কোন ভাষায় কথা বলা হয়?
What time does the first train leave?,প্রথম ট্রেনটা কটার সময় ছাড়ে?
Wouldn't it be better to do that now?,এটা এখন করলে ভালো হবে না?
"You're a science teacher, aren't you?","আপনি বিজ্ঞান শিক্ষক, তাই না?"
You're not going to get away with it.,আপনি এর থেকে পার পেয়ে যাবেন না।
Your daughter is not a child anymore.,তোমার মেয়ে আর বাচ্চা নেই।
A high school student made this robot.,হাইস্কুলের এক ছাত্র এই রোবটটি তৈরি করেছে।
"Air, like food, is a basic human need.",খাদ্যের মতো বায়ু মানুষের মৌলিক চাহিদা।
America's Civil War lasted four years.,আমেরিকার গৃহযুদ্ধ চার বছর স্থায়ী হয়েছিল।
Bad weather prevented us from leaving.,খারাপ আবহাওয়া আমাদের যেতে বাধা দিলো।
Bangladesh became independent in 1971.,বাংলাদেশ ১৯৭১ সালে স্বাধীনতা লাভ করে।
Bangladesh became independent in 1971.,১৯৭১ সালে বাংলাদেশ স্বাধীন হয়।
"Being very tired, I went to bed early.",খুব ক্লান্ত হওয়ায় আমি তাড়াতাড়ি ঘুমোতে গিয়েছিলাম।
Could you please repeat it once again?,আপনি কি অনুগ্রহ করে আর একবার বলতে পারবেন?
Does Tom enjoy watching horror movies?,টম কি ভৌতিক সিনেমা দেখতে পছন্দ করে?
Every student passed the driving test.,প্রত্যেক শিক্ষার্থীই ড্রাইভিং পরীক্ষায় উত্তীর্ণ হয়েছে।
"Frankly speaking, he is untrustworthy.",সত্যি বলতে তাকে বিশ্বাস করা যায় না।
He was given a gold watch as a reward.,পুরস্কার হিসেবে তাকে একটি সোনার ঘড়ি দেওয়া হয়।
How are you? Did you have a good trip?,কেমন আছেন? যাত্রা ভালো ছিল তো?
How are you? Did you have a good trip?,কেমন আছো? যাত্রা ভালো ছিল তো?
How many times do I have to apologize?,আমাকে কতবার ক্ষমা চাইতে হবে?
I can't believe I'm not getting fired.,বিশ্বাসই হচ্ছে না যে আমাকে বহিস্কার করা হচ্ছে না।
I could get fired if I didn't do that.,আমি তা না করলে চাকরিচ্যুত হতে পারতাম।
I don't feel like eating anything now.,আমার এখন কিছুই খেতে ইচ্ছে করছে না।
I don't know and I don't want to know.,আমি জানি না এবং জানতেও চাই না।
I don't understand what you're saying.,আপনি কি বলছেন আমি বুঝতে পারছি না।
I don't understand what you're saying.,তুমি কি বলছো আমি বুঝতে পারছি না।
I don't want to disappoint my parents.,আমি আমার বাবা-মাকে আশাহত করতে চাই না।
I don't want to talk about it anymore.,আমি এই ব্যাপারে আর কোনো কথা বলতে চাই না।
I don't want to talk about that today.,আমি আজ সেটা নিয়ে কথা বলতে চাই না।
I gave the beggar all the money I had.,ভিক্ষুককে আমার যত টাকা ছিল সব দিয়ে দিলাম।
I know a store where you can buy that.,আমি একটা দোকান চিনি যেখান থেকে আপনি ওইটা কিনতে পারবেন।
I know a store where you can buy that.,আমি একটা দোকান চিনি যেখান থেকে তুমি ওইটা কিনতে পারবে।
I need to ask you some more questions.,আমার আপনাকে আরও কিছু প্রশ্ন জিজ্ঞেস করা প্রয়োজন।
I once wanted to be an astrophysicist.,আমি একসময় জ্যোতির্বিজ্ঞানী হতে চেয়েছিলাম।
I still haven't found my contact lens.,আমি এখনো আমার কন্ট্যাক্ট লেন্সটি পাইনি।
I suspect that Tom isn't in Australia.,আমার সন্দেহ হচ্ছে যে টম অস্ট্রেলিয়ায় নেই।
I told them to send me another ticket.,আমি ওনাদের আর একটা টিকিট পাঠাতে বলেছি।
I used to believe everything you said.,আমি তোমার সব কথা বিশ্বাস করতাম।
I'm hoping to go to Boston next month.,আগামী মাসে আমার বোস্টন যাওয়ার আশা আছে।
I'm wondering what to cook for dinner.,রাতের খাবারের জন্য কী রান্না করবো সেটাই ভাবছি।
I've always been interested in robots.,আমি সর্বদা রোবোটে আগ্রহী ছিলাম।
Isaac Newton was an English physicist.,আইজ্যাক নিউটন ছিলেন একজন ইংরেজ পদার্থবিদ।
It rained continuously for three days.,তিন দিন ধরে বৃষ্টি পড়লো।
Japan imports oranges from California.,জাপান ক্যালিফোর্নিয়া থেকে কমলা আমদানি করে।
Let's not waste time arguing about it.,আসুন এটা নিয়ে তর্ক করে সময় নষ্ট না করি।
Ping pong is also called table tennis.,পিং পংকে টেবিল টেনিসও বলা হয়।
She has very nice-looking handwriting.,ওনার হাতের লেখা দেখতে খুব সুন্দর।
"Stop doing that, and get back to work.",এটা করা বাদ দিয়ে কাজে যাও।
"The Dutch flag is red, white and blue.","ডাচ পতাকা লাল, সাদা এবং নীল।"
The United States had nuclear weapons.,যুক্তরাষ্ট্রের কাছে পারমাণবিক অস্ত্র ছিল।
The bus is usually late when it rains.,বৃষ্টি হলে বাসটা সাধারণত দেরিতে আসে।
The murderer hasn't been arrested yet.,খুনিকে এখনো গ্রেপ্তার করা হয়নি।
The two countries negotiated a treaty.,দেশ দুটি নিজেদের মধ্যে একটি চুক্তি সম্পাদিত করলো।
The virus spread faster than wildfire.,ভাইরাসটি দাবানলের চেয়েও দ্রুত ছড়িয়ে পড়তে পারে।
They say that she was born in Germany.,লোকে বলে যে তিনি জার্মানিতে জন্মগ্রহণ করেছিলেন।
This book is also available in French.,এই বইটা ফরাসিতেও পাওয়া যায়।
This book is only available in French.,এই বইটা শুধু ফরাসিতেই পাওয়া যায়।
This doesn't look like Tom's umbrella.,মনে হয় না এটা টমের ছাতা।
Tom died during his stay in Australia.,টম অস্ট্রেলিয়ায় থাকার সময় মারা যান।
Tom doesn't know Mary is in Australia.,মেরি অস্ট্রেলিয়ায় আছে তা টম জানে না।
Tom doesn't usually eat lunch at home.,টম সাধারণত বাড়িতে দুপুরের খাবার খায় না।
Tom invited me to a party at his home.,টম আমাকে তার বাড়িতে একটি পার্টিতে আমন্ত্রণ জানিয়েছে।
Tom is afraid that he might get fired.,টম ভয় পাচ্ছে যে তাকে বরখাস্ত করা হতে পারে।
Tom lives in a small town near Boston.,টম বস্টনের কাছে একটা ছোট শহরে থাকে।
Tom reads the newspaper every morning.,টম প্রতিদিন সকালে খবরের কাগজ পড়ে।
Tom said that I don't need to do that.,টম বলল যে আমার এটা করার দরকার নেই।
Tom told me that he's never done that.,টম আমাকে বলেছে সে এটা করেনি।
Tom was taken to hospital unconscious.,টমকে অজ্ঞান অবস্থায় হাসপাতালে নেওয়া হয়েছিল।
Tom's response wasn't what I expected.,টমের প্রতিক্রিয়া আমি যা আশা করেছিলাম তা ছিলো না।
Turn left at the second traffic light.,দ্বিতীয় ট্রাফিক লাইটে বাঁদিকে বেঁকে যাবেন।
We could all learn something from Tom.,আমরা সবাই টমের কাছ থেকে কিছু শিখতে পারি।
We must keep up the family traditions.,আমাদের পারিবারিক ঐতিহ্য ধরে রাখতে হবে।
Where is the boarding gate for UA 111?,UA 111 তে ওঠার দরজাটা কোথায়?
Who is that beautiful girl over there?,ওখানের ঐ সুন্দরী মেয়েটা কে?
Would you like to watch another movie?,আপনি কি অন্য সিনেমা দেখতে চান?
You can stay here as long as you like.,আপনি এখানে যতক্ষণ ইচ্ছে থাকতে পারেন।
You can stay here as long as you like.,তুমি এখানে যতক্ষণ ইচ্ছে থাকতে পারো।
You haven't told me about your mother.,তুমি আমাকে তোমার মায়ের কথা বলোনি।
You may stay here as long as you like.,আপনি এখানে যতক্ষণ ইচ্ছে থাকতে পারেন।
You may stay here as long as you like.,তুমি এখানে যতক্ষণ ইচ্ছে থাকতে পারো।
You'll need a ticket to travel by bus.,বাসে করে ঘুরতে হলে আপনাকে টিকিট কাটতে হবে।
Your help is necessary to our success.,আমাদের সাফল্যের জন্য আপনার সাহায্য একান্ত প্রয়োজন।
A lot of people attended Tom's funeral.,টমের অন্ত্যেষ্টিক্রিয়াতে অনেকে অংশগ্রহণ করেছিল।
Are we going to talk about this or not?,আমরা এই বিষয়ে কথা বলব কি না?
"As far as I know, Tom is still married.","আমি যতদূর জানি, টম এখনও বিবাহিত।"
At what age do you want to get married?,তুমি কত বছর বয়সে বিয়ে করতে চাও?
Better a small fish than an empty dish.,নাই মামার চেয়ে কানা মামা ভালো।
Class doesn't begin until eight-thirty.,সাড়ে আটটার আগে ক্লাস শুরু হয় না।
Common interests bring people together.,সাধারণ স্বার্থ মানুষকে একত্রিত করে।
Could you please speak a little slower?,আপনি কি অনুগ্রহ করে আরেকটু ধীরে ধীরে কথা বলতে পারবেন?
Could you speak a little louder please?,আপনি কি অনুগ্রহ করে আরেকটু জোরে কথা বলতে পারবেন?
Did you know men can get breast cancer?,আপনি কি জানেন যে পুরুষদেরও স্তন ক্যান্সার হতে পারে?
Do you know how to pronounce this word?,আপনি জানেন এই শব্দটির উচ্চারণ কিভাবে করতে হয়?
He has worked in France his whole life.,তিনি সারা জীবন ফ্রান্সে কাজ করেছেন।
How long do you study French every day?,তুমি প্রিতিদিন কত ঘন্টা করে ফরাসি শেখো?
How long has Tom been living in Boston?,টম বস্টনে কত বছর ধরে আছে?
How much does it cost to get to Boston?,বস্টন যাওয়ার জন্য কত খরচা পরবে?
How much money did you expect to spend?,আপনি কত টাকা খরচ করার আশা করেছিলেন?
I bought a pound of meat the other day.,আমি অন্যদিন এক পাউন্ড মাংস কিনেছিলাম।
I can't believe we're going to do that.,আমি বিশ্বাস করতে পারছি না যে আমরা এটা করতে যাচ্ছি।
I didn't know Tom was such a good cook.,আমি জানতাম না টম এত ভালো রাঁধুনি।
I didn't know what was really going on.,আমি সত্যিই কী ঘটছে জানতাম না।
I don't know exactly when I'll be back.,আমি কখন ফিরে আসবো ঠিক করে জানি না।
I don't know what kind of person he is.,তিনি কেমন মানুষ আমি জানি না।
I don't think that it'll rain tomorrow.,আমার মনে হয় না কালকে বৃষ্টি হবে।
I don't understand what you are saying.,আপনি কি বলছেন আমি বুঝতে পারছি না।
I don't understand what you are saying.,তুমি কি বলছো আমি বুঝতে পারছি না।
I don't want to eat anything right now.,আমি এখন কিছুই খেতে চাই না।
I know you think this is too expensive.,আমি জানি তুমি এটাকে অনেক ব্যয়বহুল মনে করো।
I need more time to finish my homework.,বাড়ির কাজ শেষ করার জন্য আমার আরও সময় দরকার।
I stopped so I could smoke a cigarette.,আমি থেমেছিলাম যাতে একটা সিগারেট খেতে পারি।
I thought that it might be complicated.,আমি ভেবেছিলাম এটা জটিল হতে পারে।
I wonder whether Tom wants that or not.,আমি ভাবছি টম সেটা চায় কি না।
I'd like to check out tomorrow morning.,আমি কাল সকালে ঘরটা ছেরে দিতে চাই।
I'll be back by seven or eight o'clock.,আমি সাতটা বা আটটা সময়ের আগে ফিরে আসবো।
I'm drinking water because I'm thirsty.,আমি তৃষ্ণার্ত বলে পানি খাচ্ছি।
I'm going to a conference in Australia.,আমি অস্ট্রেলিয়ায় একটি সম্মেলনে যাচ্ছি।
I'm looking forward to summer vacation.,আমি গ্রীষ্মের ছুটির অপেক্ষায় আছি।
I'm proud to be a part of this project.,আমি এই প্রকল্পের একটি অংশ হয়ে গর্বিত।
I've done some things I'm not proud of.,আমি এমন কিছু কাজ করেছি যাতে আমি গর্বিত নই।
"If you eat too much, you'll become fat.",বেশি খেলে মোটা হয়ে যাবেন।
It looks like I'm going to arrive late.,দেখে মনে হচ্ছে আমার পৌছাত দেরি হয়ে যাবে।
Maybe we should talk to Tom about that.,হয়তো আমাদের টমের সাথে এই বিষয়ে কথা বলা উচিত।
My mom doesn't speak English very well.,আমার মা খুব ভালো ইংরেজি বলতে পারেন না।
Names are listed in alphabetical order.,নামগুলি বর্ণানুক্রমে লিপিবদ্ধ করা আছে।
Nobody else was involved in the murder.,এই খুনে আর কেউ জড়িত ছিল না।
Oranges are a good source of vitamin C.,কমলা ভিটামিন সি-এর ভালো উৎস।
She acknowledged having made a mistake.,উনি যে ভুল করেছিলেন সেটা স্বীকার করলেন।
"Talking is one thing, doing is another.",বলা আর করার মধ্যে পার্থক্য আছে।
"Talking is one thing, doing is another.","বলা এক জিনিস, করা অন্য জিনিস।"
The Civil War lasted from 1861 to 1865.,গৃহযুদ্ধ ১৮৬১ থেকে ১৮৬৫ সাল পর্যন্ত চলে।
The Second World War broke out in 1939.,১৯৩৯ সালে দ্বিতীয় বিশ্বযুদ্ধ শুরু হয়।
The explosion frightened the villagers.,বিস্ফোরণে গ্রামবাসীরা আতঙ্কিত হয়ে পড়ে।
The way you treat people is disgusting.,আপনি মানুষের সাথে যে আচরণ করেন তা জঘন্য।
Their parents tried to keep them apart.,তাদের বাবা-মায়েরা তাদেরকে দূরে রাখতে চেষ্টা করেছিলেন।
There's something seriously wrong here.,এখানে গুরুতর কিছু ভুল আছে।
Things like that only happen in movies.,এমন ঘটনা শুধু সিনেমাতেই ঘটে।
Those who know me know I won't do that.,যারা আমাকে চেনেন তারা জানেন আমি এটা করব না।
"Tom didn't need to do that, but he did.","টমের সেটা করার দরকার ছিল না, কিন্তু সে করেছে।"
Tom doesn't usually read the newspaper.,টম সাধারণত সংবাদপত্র পড়ে না।
Tom said Mary could've done that alone.,টম বলল যে মেরি একাই এটা করতে পারত।
Tom said he thought Mary was in Boston.,টম বলেছিল যে সে ভেবেছিল মেরি বোস্টনে আছেন।
Tom shouldn't have spent so much money.,টমের এত টাকা খরচা করা উচিৎ হয়নি।
Tom won't be able to come over tonight.,টম আজ রাতে আসতে পারবে না।
Tom worked in a bank from 1999 to 2013.,টম ১৯৯৯ থেকে ২০১৩ সাল পর্যন্ত একটি ব্যাংকে কাজ করেছেন।
Try not to make the same mistake twice.,একই ভুল দুবার না করার চেষ্টা করুন।
Viruses are much smaller than bacteria.,ব্যাকটেরিয়ার চেয়ে ভাইরাস অনেক ছোট।
We'll never be able to play any better.,আমরা কখনই এর থেকে ভালো খেলতে পারবো না।
We're not yet sure what the problem is.,আমারা সমস্যাটার ব্যাপারে এখনো নিশ্চিত হইনি।
"Will you show me your passport, please?",অনুগ্রহ করে আপনার পাসপোর্টটি দেখাবেন?
Would you like to come fishing with us?,আপনি কি আমাদের সাথে মাছ ধরতে যাবেন?
Would you like to come fishing with us?,আপনারা কি আমাদের সাথে মাছ ধরতে যাবেন?
Would you like to come fishing with us?,তুমি কি আমাদের সাথে মাছ ধরতে যাবে?
Would you like to come fishing with us?,তোমরা কি আমাদের সাথে মাছ ধরতে যাবে?
You don't know how hard it was for Tom.,আপনি জানেন না এটা টমের জন্য কতটা কঠিন ছিল।
You won’t believe what happened next.,এরপর যা ঘটল তা আপনি বিশ্বাস করবেন না।
Are you sure the person you saw was Tom?,আপনি যে লোককে দেখেছেন সেটা যে টম সেই ব্যাপারে আপনি নিশ্চিত?
Aren't Tom and Mary both from Australia?,টম এবং মেরি দুজনেই কি অস্ট্রেলিয়ার নয়?
Aren't both Tom and Mary from Australia?,টম এবং মেরি দুজনেই কি অস্ট্রেলিয়ার নয়?
Bacteria are invisible to the naked eye.,ব্যাকটেরিয়া খালি চোখে দেখা যায় না।
Bauxite is the main source of aluminium.,বক্সাইট হলো অ্যালুমিনিয়ামের প্রধান উৎস।
Bauxite is the main source of aluminium.,অ্যালুমিনিয়ামের প্রধান উৎস হলো বক্সাইট।
Can you translate English into Japanese?,আপনি কি ইংরেজি থেকে জাপানি ভাষায় অনুবাদ করতে পারেন?
Do you really think Tom is disorganized?,আপনি কি সত্যিই টমকে অগোছালো মনে করেন?
Do you think that you're better than me?,তুমি কি মনে করো তুমি আমার চেয়ে ভালো?
Eisenhower was elected in November 1952.,আইজেনহাওয়ার ১৯৫২ সালের নভেম্বরে নির্বাচিত হন।
Have you ever heard Tom speaking French?,আপনি কি কখনো টমকে ফরাসিতে কথা বলতে শুনেছেন?
Have you ever heard Tom speaking French?,তুমি কি কখনো টমকে ফরাসিতে কথা বলতে শুনেছো?
He didn't want to talk about it anymore.,উনি আর এই ব্যপারে কোনো কথা বলতে চান না।
He is not as smart as his older brother.,সে তার বড় ভাইয়ের মতো চালাক নয়।
He should have finished his work by now.,এতক্ষণে তার কাজ শেষ করা উচিত ছিল।
How did you get Tom to buy that for you?,তোমাকে ওটা কিনে দেওয়ার জন্য টমকে কীভাবে রাজি করালে?
How long have you been living in Boston?,আপনি বস্টনে কত বছর ধরে আছেন?
How long have you been living in Boston?,তুমি বস্টনে কত বছর ধরে আছো?
I am proud to be a part of this project.,আমি এই প্রকল্পের একটি অংশ হয়ে গর্বিত।
"I can read French, but I can't speak it.","আমি ফরাসি পড়তে পারি, কিন্তু বলতে পারি না।"
"I can read German, but I can't speak it.","আমি জার্মান পড়তে পারি, কিন্তু বলতে পারি না।"
I don't know if I'll have time to do it.,আমি জানিনা এটা করার জন্য সময় পাব কি না।
I don't know whether to cry or to laugh.,হাসবো না কাঁদবো বুঝতে পারছি না।
I downloaded the file that Tom uploaded.,টম যে ফাইলটা আপলোড করেছে আমি সেটা ডাউনলোড করলাম।
I found no shoes completely to my taste.,আমি পুরোপুরি আমার পছন্দ মতো কোনো জুতো পেলাম না।
I noticed that she sat in the front row.,আমি লক্ষ্য করলাম যে সে সামনের সারিতে বসেছে।
I think it's time you and Tom went home.,আমার মনে হয় তোমার আর টমের বাড়ি যাওয়ার সময় হয়ে গেছে।
I wish I could go to the party with you.,যদি আমি তোমার সাথে পার্টিতে যেতে পারতাম।
I wonder if Tom and Mary have both left.,আমি ভাবছি টম এবং মেরি দুজনেই চলে গেছে কি না।
I wonder if both Tom and Mary have left.,আমি ভাবছি টম এবং মেরি দুজনেই চলে গেছে কি না।
I'm considering going back to Australia.,আমি অস্ট্রেলিয়ায় ফিরে যাওয়ার কথা ভাবছি।
I'm not as conservative as I used to be.,আমি আগের মতো রক্ষণশীল নই।
I'm not sure what time Tom will be home.,টম কখন বাড়িতে আসবে তা আমি নিশ্চিত নই।
I'm very sorry that I came home so late.,আমি দেরি করে বাড়ি আসায় দুঃখিত।
I've given up on trying to surprise you.,আমি আপনাকে অবাক করার চেষ্টা ছেড়ে দিয়েছি।
"If all goes well, I'll come and see you.",সব ঠিকঠাক থাকলে আমি এসে তোমার সাথে দেখা করব।
"If they don't work, they don't get paid.",তারা কাজ না করলে বেতন পায় না।
Most of the work is performed by robots.,বেশিরভাগ কাজ রোবট দ্বারা সঞ্চালিত হয়।
My brother is two years older than I am.,আমার ভাই আমার থেকে দু' বছরের বড়।
Pollution is a serious problem in China.,চীনের একটি মারাত্মক সমস্যা হলো দূষণ।
South Africa became independent in 1961.,দক্ষিণ আফ্রিকা ১৯৬১ সালে স্বাধীন হয়।
The Nile is the largest river in Africa.,নীল নদ আফ্রিকার বৃহত্তম নদী।
The budget of the film was very limited.,ছবির বাজেট ছিল খুবই সীমিত।
"The novel has sold almost 20,000 copies.","উপন্যাসটির প্রায় ২০,০০০টি কপি বিক্রি হয়েছে।"
The servants' screams awakened everyone.,চাকরগুলোর চিৎকার সবাইকে জাগিয়ে দিলো।
This area is famous for its good apples.,এই এলাকা ভালো আপেলের জন্য বিখ্যাত।
This is the shortest way to the station.,এটা কি স্টেশনে যাওয়ার সবথেকে ছোট রাস্তা?
This river flows into the Pacific Ocean.,এই নদীটি প্রশান্ত মহাসাগরে গিয়ে পড়ে।
Tom didn't want me to come to Australia.,টম চায়নি আমি অস্ট্রেলিয়ায় আসি।
Tom is watching a movie on his computer.,টম তার কম্পিউটারে চলচ্চিত্র দেখছে।
Tom isn't interested in becoming famous.,টম বিখ্যাত হতে আগ্রহী নয়।
Tom reads the Washington Post every day.,টম প্রত্যেকদিন ওয়াশিংটন পোষ্ট পরেন।
Tom shouldn't have left the window open.,টমের জানালার দরজাটা খুলে রাখা উচিৎ হয় নি।
Tom stared at Mary from across the room.,ঘরের মধ্যে দিয়ে টম মেরির দিকে চাইল।
Translating this text will be very easy.,এই লেখাটি খুব সহজেই অনুবাদ করা যাবে।
We always spend our vacation by the sea.,আমরা সবসময় সমুদ্রের ধারে আমাদের ছুটি কাটাই।
We'd be happy if you could come with us.,আপনি আমাদের সাথে আসতে পারলে আমরা খুশী হবো।
"Well, the night is quite long, isn't it?","রাতটা খুব বড়ো, তাই না?"
What do you want to be when you grow up?,তুমি বড়ো হয়ে কী হতে চাও?
What do you want to be when you grow up?,তুই বড়ো হয়ে কী হতে চাস?
What time do you usually have breakfast?,আপনি সাধারণত কোন সময়ে সকালের নাস্তা করেন?
What's your favorite television program?,আপনার প্রিয় টেলিভিশন কার্যক্রমটা কী?
What's your favorite television program?,তোমারে প্রিয় টেলিভিশন কার্যক্রমটা কী?
"When she heard it, she got very excited.",কথাটা শুনে সে খুব উত্তেজিত হয়ে গেল।
When was the last time you ate a cookie?,শেষবার আপনি কখন বিস্কুট খেয়েছিলেন?
Would you like some coffee or something?,আপনি খানিক কফি বা অন্য কিছু চান?
Would you like to come shopping with me?,তোমরা কি আমার সাথে কেনাকাটা করতে যেতে যাবে?
Would you like to come shopping with me?,তুমি কি আমার সাথে কেনাকাটা করতে যেতে যাবে?
Would you like to come shopping with me?,আপনারা কি আমার সাথে কেনাকাটা করতে যেতে যাবেন?
Would you like to come shopping with me?,আপনি কি আমার সাথে কেনাকাটা করতে যেতে যাবেন?
You don't have to hide anything from me.,আমার কাছে তোমাকে কিছু লুকাতে হবে না।
"Where's the cat? ""It's under the sofa.""","বিড়ালটা কোথায়? ""সোফার নিচে আছে।"""
Are you certain that you locked the door?,দরজায় তালা লাগানোর ব্যাপারে তুমি কি নিশ্চিত?
Are you certain that you locked the door?,আপনি কি নিশ্চিত যে দরজায় তালা লাগিয়েছেন?
Can you please repeat what you just said?,আপনি যেটা বললেন সেটা কি দয়া করে আর একবার বলতে পারবেন?
Can you recommend a good hotel in Boston?,আপনি বস্টনে কোনো ভাল হোটেলের সুপারিশ করতে পারবেন?
"Could you write down the address, please?",আপনি কি দয়া করে ঠিকানাটা লিখে দিতে পারবেন?
Did they understand what you were saying?,আপনি কি বলছেন তারা কি বুঝতে পেরেছে?
Divorce is becoming more common nowadays.,বিবাহবিচ্ছেদ এখনকার দিনে খুবই সাধারণ হইয়ে গেছে।
Do you wear an apron when you're cooking?,রান্না করার সময় কি আপনি অ্যাপ্রোন পরেন?
Everyone has both strong and weak points.,প্রত্যেকেরই শক্তিশালী এবং দুর্বল উভয় দিক রয়েছে।
He doesn't eat anything other than fruit.,সে ফল ছাড়া অন্য কিছু খায় না।
He doesn't eat anything other than fruit.,ও ফল ছাড়া অন্য কিছু খায় না।
He doesn't eat anything other than fruit.,উনি ফল ছাড়া অন্য কিছু খান না।
He doesn't eat anything other than fruit.,তিনি ফল ছাড়া অন্য কিছু খান না।
He likes to go to the beach now and then.,সে মাঝে মাঝে সমুদ্র সৈকতে যাওয়া পছন্দ করে।
He put down his thoughts in his notebook.,তিনি তার চিন্তাভাবনাগুলি তার নোটবুকে লিখে রেখেছিলেন।
How can I get to the nearest post office?,সবথেকে কাছের ডাকঘরে কিভাবে যাব?
How many churches are there in this city?,এই শহরে কয়টি গীর্জা আছে?
I can't believe Tom really said no to me.,আমি বিশ্বাসই করতে পারছি না যে সত্যিই আমাকে না বলেছে।
I don't care what you do with your money.,আপনার টাকা দিয়ে আপনি কী করবেন তাতে আমার কিছু যায় আসে না।
I don't think that it will rain tomorrow.,আমার মনে হয় না কালকে বৃষ্টি হবে।
I don't usually watch this kind of movie.,আমি সাধারণত এই ধরনের মুভি দেখি না।
I had no difficulty in finding his house.,তার বাড়ি খুঁজে পেতে আমার কোনো অসুবিধা হয়নি।
I haven't eaten anything since yesterday.,আমি গতকাল থেকে কিছুই খাইনি।
I hope you don't take this the wrong way.,আমি আশা করি আপনি এটিকে ভুল পথে নেবেন না।
I know that this is really scary for you.,আমি জানি যে এটি আপনার জন্য সত্যিই ভীতিজনক।
I know that you don't want to talk to me.,আমি জানি তুমি আমার সাথে কথা বলতে চাও না।
I know that you don't want to talk to me.,আমি জানি যে তুমি আমার সাথে কথা বলতে চাও না।
I should be studying for tomorrow's exam.,আমার আগামীকালের পরীক্ষার জন্য পড়াশোনা করা উচিত।
I was thinking about buying a new camera.,আমি একটা নতুন ক্যামেরা কেনার কথা ভাবছিলাম।
I would like to be a pilot in the future.,আমি ভবিষ্যতে পাইলট হতে চাই।
I'd like a room facing the ocean instead.,তার বদলে আমার সমুদ্রের দিকে মুখ করা একটা ঘর চাই।
I'd like to reserve a seat on this train.,আমি এই ট্রেনে একটা আসন সংরক্ষণ করতে চাই।
I'll call them tomorrow when I come back.,আমি কাল যখন ফিরবো ওদেরকে একবার কল করবো।
I'll call them tomorrow when I come back.,আমি কাল যখন ফিরবো ওনাদেরকে একবার কল করবো।
I'm taking a trip to Australia next year.,আমি পরের বছর অস্ট্রেলিয়া সফরে যাচ্ছি।
I've decided to stay for a few more days.,আমি আরও কিছুদিন থাকার সিদ্ধান্ত নিয়েছি।
I've never smoked a cigarette in my life.,আমি জীবনে কখনো সিগারেট খাইনি।
It looks like this house is a total mess.,দেখে মনে হচ্ছে এই বাড়িটি সম্পূর্ণ জগাখিচুড়ি।
It was Marie Curie who discovered radium.,মেরি কুরিই রেডিয়াম আবিষ্কার করেছিলেন।
Soccer is the world's most popular sport.,ফুটবল বিশ্বের সবচেয়ে জনপ্রিয় খেলা।
Some of my friends can speak French well.,আমার বন্ধুদের মধ্যে কেউ কেউ ভালো ফরাসি বলতে পারে।
That's the difference between you and me.,আপনার আমার মধ্যে একটা পার্থক্য আছে।
The boy denied having stolen the bicycle.,ছেলেটি সাইকেল চুরির কথা অস্বীকার করেছে।
The building was heavily damaged by fire.,আগুনে ভবনটির ব্যাপক ক্ষতি হয়েছে।
The price of gold varies from day to day.,সোনার দাম প্রতিদিন পরিবর্তিত হয়।
The room charge is $100 a night plus tax.,ঘর ভারা ট্যাক্স সহ $১০০।
The room was filled with cigarette smoke.,ঘরটা সিগারেটের ধোঁয়ায় ভর্তি হয়ে গেছিল।
Today is my parents' wedding anniversary.,আজ আমার বাবা-মায়ের বিবাহ বার্ষিকী।
Tom didn't want Mary to wear any jewelry.,মেরি যে কোনো গয়ণা পরে সেটা টম চাইত না।
Tom has decided he's going to come early.,টম সিদ্ধান্ত নিয়েছে যে সে তাড়াতাড়ি আসবে।
Tom obviously likes hearing himself talk.,টম স্পষ্টতই নিজের কথা শুনতে পছন্দ করে।
Tom probably won't attend the conference.,টম সম্ভবত সম্মেলনে যোগ দেবে না।
Tom slept for three hours this afternoon.,টম আজ বিকেলে তিন ঘন্টা ঘুমিয়েছে।
Tom told me he could get us what we need.,টম আমাকে বলেছিল যে সে আমাদের যা দরকার তা দেবে।
Tom was looking at some girls in bikinis.,টম বিকিনি পরিহিত কয়েকজন মেয়েদের দিকে তাকিয়ে ছিল।
"Unfortunately, I don't remember anything.","দুর্ভাগ্যবশত, আমার কিছুই মনে নেই।"
We'll just do something else if it rains.,বৃষ্টি হলে আমরা অন্য কিছু করব।
When were potatoes introduced into Japan?,জাপানে কবে থেকে আলুর প্রবর্তন হয়ছিল?
Where were you at the time of the murder?,খুনের সময় আপনি কোথায় ছিলেন?
Why don't you try to get your money back?,আপনি আপনার টাকাটা ফেরত নেওয়ার চেষ্টা করছেন না কেন?
Why don't you try to get your money back?,তুমি তোমার টাকাটা ফেরত নেওয়ার চেষ্টা করছ না কেন?
Why don't you try to get your money back?,তুই তোর টাকাটা ফেরত নেওয়ার চেষ্টা করছিস না কেন?
You don't get up as early as your sister.,আপনি আপনার বোনের মতো অত সকালে ঘুম থেকে ওঠেন না।
"What time is it now? ""It's ten o'clock.""","এখন কটা বাজে? ""দশটা বাজে।"""
A millimeter is one thousandth of a meter.,একটি মিলিমিটার একটি মিটারের এক হাজার ভাগের এক ভাগ।
Are you just going to stand there all day?,আপনি কি সারাদিন ওইখানেই দাঁড়িয়ে থাকবেন?
Are you just going to stand there all day?,তুমি কি সারাদিন ওইখানেই দাঁড়িয়ে থাকবে?
Can you tell me how to get to the station?,স্টেশনে কিভাবে যেতে হবে সেটা কি আপনি আমাকে বলতে পারবেন?
Didn't you know that Tom is afraid of you?,আপনি কি জানতেন না যে টম আপনাকে ভয় পায়?
He continued his work after a short break.,অল্প বিরতির পর তিনি তার কাজ চালিয়ে যান।
How did you know I wanted to go to Boston?,তুমি কিভাবে জানলে আমি বোস্টনে যেতে চাই?
How do you expect me to do all this alone?,আপনি কি করে আশা করেন যে আমি এই কাজটা একলা করবো?
How much money would you like to withdraw?,আপনি কত টাকা তুলতে চান?
I arrived at the station ten minutes late.,আমি স্টেশনে দশ মিনিট দেরি করে পৌছেছিলাম।
"I can speak Chinese, but I can't write it.","আমি চাইনিজ বলতে পারি, কিন্তু আমি লিখতে পারি না।"
"I can speak French, but only a little bit.","আমি ফরাসিতে কথা বলতে পারি, কিন্তু খালি একটুখানি।"
I didn't want anybody to know where I was.,আমি চাইনি কেউ জানুক আমি কোথায় ছিলাম।
I don't think Tom is responsible for that.,আমার মনে হয় না টম এটার জন্য দায়ী।
I don't think that we'll have enough time.,আমার মনে হয় না আমরা যথেষ্ট সময় পাবো।
I have known Tom since I was a little boy.,টম যখন ছোট ছিল তখন থেকেই আমি টমকে চিনি।
I need to buy some medicine for my father.,আমি আমার বাবার জন্য কিছু ওষুধ কিনতে চাই।
I think Tom didn't want to leave so early.,আমার মনে হয় টম এত তাড়াতাড়ি চলে যেতে চায়নি।
I think Tom said his last name is Jackson.,আমার মনে হয় টম বলেছিল যে ওর পদবি জ্যাকসন।
I think that you shouldn't have said that.,আমি মনে করি তোমার ওটা বলা উচিত হয়নি।
I'd like you to consider joining our club.,আমি চাই আপনি আমাদের ক্লাবে যোগদান করার কথা বিবেচনা করুন।
I'm still good friends with my ex-husband.,এখনও আমার প্রাক্তন স্বামীর সাথে আমার ভালো বন্ধুত্ব রয়েছে।
I've been thinking about buying a new car.,আমি একটা নতুন গাড়ি কেনার কথা ভাবছি।
I've made that same mistake several times.,আমি সেই একই ভুল বহুবার করেছি।
Is there a public toilet in this building?,এই ইমারতটিতে কি কোনো সর্বজনীন শৌচাগার আছে?
Let me know if there is anything I can do.,আমার কিছু করার থাকলে জানিও।
Let me know if there is anything I can do.,আমার কিছু করার থাকলে জানাবেন।
Let's first see what happens in Australia.,চলুন প্রথমে দেখা যাক অস্ট্রেলিয়ায় কী হয়।
Mistakes like these are easily overlooked.,এই ধরনের ভুলগুলো খুব সহজেই উপেক্ষা করা হয়।
My French teacher is the same age as I am.,আমার ফরাসি শিক্ষকের বয়স আমার বয়সের সমান।
There's no chance of this happening again.,এটা আর হওয়ার কোনো সুযোগ নেই।
These two things are completely unrelated.,এই দুটো জিনিস সম্পূর্ণ অসম্পর্কিত।
Tom can't read all these books in one day.,টম একদিনে এতগুলো বই পড়তে পারবে না।
Tom has pictures of Mary wearing a bikini.,মেরির বিকিনি পরিহিত অবস্থার কিছু ছবি টমের কাছে আছে।
Tom is alone in the dining room with Mary.,টম খাবার ঘরে মেরির সাথে একলা রয়েছে।
Tom is going to be executed in three days.,তিন দিন পরে টমের ফাঁসি হবে।
Tom learned to drive when he was eighteen.,টম যখন আঠারো বছরের ছিলো তখন গাড়ি চালানো শিখেছে।
Tom told me his father was born in Boston.,টম আমাকে বলেছিল তার বাবার জন্ম বোস্টনে।
Tom told me that he wants to go to Boston.,টম আমাকে বললো যে সে বস্টন যেতে চায়।
Tom will never be able to keep up with us.,টম কখোনই আমাদের সাথে পেরে উঠবে না।
Tom's mother and sister had breast cancer.,টমের মা ও বোনের স্তন ক্যান্সার ছিল।
What are you going to be when you grow up?,তুমি বড়ো হয়ে কী হবে?
What are you going to be when you grow up?,তুই বড়ো হয়ে কী হবি?
What time does the train for Boston leave?,বস্টনের ট্রেনটা কটার সময় ছাড়ে?
Why were you absent from school yesterday?,তুমি কাল বিদ্যালয়ে অনুপস্থিত ছিলে কেন?
You never mentioned you were Tom's friend.,আপনি কখনই উল্লেখ করেননি যে আপনি টমের বন্ধু ছিলেন।
"You're going to have to come with us, Tom.","টম, তোমাকে আমাদের সাথে আসতে হবে।"
You're in no position to make any demands.,আপনি কোনো কিছু দাবী করার মতন জায়গায় নেই।
"You're supposed to be working, aren't you?","আপনার কাজ করার কথা, তাই না?"
You've known Tom a lot longer than I have.,আপনি টমকে আমার থেকে অনেক বেশী দিন ধরে চেনেন।
"Pass me the salt, please. ""Here you are.""","অনুগ্রহ করে নুনটা এগিয়ে দেবেন। ""এই নিন।"""
"Pass me the salt, please. ""Here you are.""","অনুগ্রহ করে নুনটা এগিয়ে দেবেন। ""এই নাও।"""
Are tickets for the concert available here?,সঙ্গীতানুষ্ঠানের জন্য টিকিট কি পাওয়া যাচ্ছে?
"Besides teaching English, he writes novels.",ইংরেজি শেখানোর পাশাপাশি তিনি উপন্যাস লেখেন।
Could you please repeat what you just said?,আপনি যেটা বললেন সেটা কি দয়া করে আর একবার বলতে পারবেন?
Didn't you know Tom used to live in Boston?,আপনি জানতেন না যে টম বোস্টনে থাকে?
Don't forget to put a stamp on your letter.,তোমার চিঠিতে ডাকটিকিট লাগাতে ভুলে যেও না।
Give me a couple of minutes alone with Tom.,আমাকে একলা টমের সঙ্গে দু মিনিট সময় দাও।
Guns don't kill people. People kill people.,বন্দুক মানুষ মারে না। মানুষে মানুষ মারে।
Have you ever seen your mother in a bikini?,আপনি কখনও আপনার মাকে বিকিনি পরিহিত অবস্থায় দেখেছেন কি?
How could I be a robot? Robots can't dream.,আমি কীভাবে রোবট হতে পারি? রোবট স্বপ্ন দেখতে পারে না।
I came near to being run over by the truck.,আমি ট্রাকে চাপা পড়তে পড়তে বেঁচে গিয়েছিলাম।
I can't believe that you bought that house.,আমি বিশ্বাস করতে পারছি না যে আপনি সেই বাড়িটি কিনেছেন।
I can't seem to focus on work at all today.,আমি আজকে কাজে মনযোগ দিতে পারছি না।
I don't think that Tom is going to hear us.,আমি মনে করি না যে টম আমাদের কথা শুনবে।
I don't want to waste time on this problem.,আমি এই সমস্যায় সময় নষ্ট করতে চাই না।
I have to take my medicine every six hours.,আমাকে ছয় ঘণ্টা অন্তর অন্তর ওষুধ খেতে হয়।
I should've hit Tom while I had the chance.,যখন আমার কাছে সুযোগ ছিলো তখনই আমার টমকে আঘাত করা উচিত ছিল।
I still haven't found what I'm looking for.,আমি যা খুঁজছি তা এখনও পাইনি।
I think you'll probably be able to do that.,আমি মনে করি আপনি সম্ভবত এটি করতে সক্ষম হবেন।
I wouldn't want to do that if it's illegal.,এটা বেআইনি হলে আমি এটা করতে চাই না।
I'm going to stay just a little bit longer.,আমি আরও কিছু সময় থাকব।
I've made a list of things I'd like to buy.,আমি কী কী কিনতে চাই তার একটা তালিকা বানিয়েছি।
In Japan a new school year starts in April.,জাপানে বিদ্যালয়ের নতুন বছর এপ্রিলে শুরু হয়।
Is she singing a song or playing the piano?,সে কি গান গাইছে না কি পিয়ানো বাজাচ্ছে?
Is there anything else you want to tell me?,আর অন্য কিছু কি আপনি আমাকে বলতে চান?
Nothing that Tom does surprises me anymore.,টমের কোন কাজই এখন আমাকে অবাক করে না।
The Battle of Gettysburg lasted three days.,গেটিসবার্গের যুদ্ধ তিন দিন স্থায়ী হয়েছিল।
The villagers believed in life after death.,গ্রামের মানুষরা মৃত্যুর পরের জীবনে বিশ্বাস করত।
These three countries were united into one.,এই তিনটি দেশ একত্রিত হয়েছিল।
This carpet is more valuable than that one.,এই কার্পেটটি এটার চেয়ে বেশি মূল্যবান।
Tom comes here three or four times a month.,টম এখানে মাসে তিন-চার বার আসে।
Tom is the only one who doesn't seem happy.,একমাত্র টমকেই খুশি বলে মনে হচ্ছে না।
Tom said Mary didn't need to do that again.,টম বললো মেরির আর এটা করার দরকার নেই।
Tom said he knew who Mary's ex-husband was.,টম বলেছিল যে সে জানে মেরির প্রাক্তন স্বামী কে।
Tom said he knew who Mary's ex-husband was.,টম বলেছিল মেরির প্রাক্তন স্বামী কে তা সে জানে।
Tom sat alone on the porch smoking a cigar.,টম একা একা উঠোনে বসে সিগার খাচ্ছিলো।
Tom seems to know quite lot about baseball.,টম বেসবল সম্বন্ধে অনেক কিছু জানে বলে মনে হচ্ছে।
"Tom was standing at the bar, having a beer.",টম বারে দাঁড়িয়ে বিয়ার খাচ্ছিল।
Tom will arrive in Boston tomorrow morning.,টম আগামীকাল সকালে বস্টনে পৌছাবে।
We need to get in touch with Tom's parents.,টমের বাবা মায়ের সঙ্গে আমাদের যোগাযোগ করা দরকার।
We should help each other in times of need.,প্রয়োজনের সময় আমাদের একে অপরকে সাহায্য করা উচিত।
We should help each other in times of need.,প্রয়োজনের সময় আমাদের পরস্পরকে সহযোগিতা করা উচিত।
What'll you be doing at this time tomorrow?,কাল আপনি এই সময় কি করবেন?
What'll you be doing at this time tomorrow?,কাল তুমি এই সময় কি করবে?
Would you please repeat what you just said?,আপনি যেটা বললেন সেটা কি দয়া করে আর একবার বলতে পারবেন?
You've got to do something about this soon.,আপনাকে খুব তারাতারিই এই ব্যাপারে কিছু একটা করতে হবে।
Do you really want me to go there right now?,আপনি কি সত্যিই চান আমি এখন সেখানে যাই?
Don't ask what they think. Ask what they do.,"জিজ্ঞাসা কোর না তারা কি ভাবে, জিজ্ঞাসা করো তারা কি করে।"
"Even if it rains, I'll go swimming tomorrow.",কাল বৃষ্টি হলেও আমি সাঁতার কাটতে যাবো।
Have you ever seen the person in this photo?,আপনি কি এই ছবির মধ্যের লোকটিকে দেখেছেন?
Have you ever seen the person in this photo?,তুমি কি এই ছবির মধ্যের লোকটিকে দেখেছো?
How much does it cost to stay at that hotel?,ওই হোটেলে থাকার জন্য কত খরচ পরবে?
I can't understand what he is trying to say.,আমি বুঝতে পারছি না উনি কি বলতে চাইছেন।
I didn't know Tom was capable of doing that.,আমি জানতাম না টম এটা করতে সক্ষম।
I have a feeling that Tom doesn't like Mary.,আমার মনে হচ্ছে টম মেরিকে পছন্দ করে না।
I hope Tom will tell me what I need to know.,আশা করি আমার যা জানা প্রয়োজন তা টম আমাকে বলবে।
I only speak French at home with my parents.,আমি বাড়িতে মা বাবার সঙ্গে খালি ফরাসিতে কথা বলি।
I still get to Boston at least once a month.,আমি এখনও মাসে অন্তত একবার বোস্টনে যাই।
I think you've read too many romance novels.,আমার মনে হয় আপনি অনেক রোমান্স উপন্যাস পড়েছেন।
I'd like to dedicate this song to my mother.,আমি এই গানটি আমার মাকে উৎসর্গ করতে চাই।
I'm not going to allow this to happen again.,আমি এটা আর হতে দেবো না।
"In order to do that, you have to take risks.",সেটা করতে চাইলে আপনাকে ঝুঁকি নিতে হবে।
It sounds like you had a successful meeting.,মনে হচ্ছে আপনি একটি সফল মিটিং করেছেন।
It takes years to master a foreign language.,বিদেশি ভাষা রপ্ত করতে অনেক বছর লেগে যায়।
Kublai Khan is the grandson of Genghis Khan.,কুবলাই খান চেঙ্গিস খানের নাতি।
Motorists are advised to drive with caution.,গাড়ি চালকদের সাবধানে গাড়ি চালানোর পরামর্শ দেওয়া হচ্ছে।
My father has assured us that that was true.,আমার বাবা আমাদের আশ্বস্ত করেছে যে এটা সত্য।
My friend doesn't believe that ghosts exist.,আমার বন্ধু ভূতের অস্তিত্বে বিশ্বাস করে না।
"My watch stopped, so I didn't know the time.","আমার ঘড়ি বন্ধ হয়ে গিয়েছিল, তাই আমি সময় জানতাম না।"
Please help me. I don't know what I'm doing.,আমাকে সাহায্য করুন! আমি জানি না আমি কী করছি।
Several children were playing near the pond.,পুকুরের কাছে বেশ কিছু শিশু খেলছিল।
That's why I told you not to go by yourself.,সেই কারণেই আমি তোমাকে একা একা যেতে নিষেধ করেছিলাম।
The Olympic Games are held every four years.,প্রতি চার বছর অন্তর অলিম্পিক গেমস অনুষ্ঠিত হয়।
This coffee is so hot that I can't drink it.,এই কফি এতই গরম যে আমি খেতে পারছি না।
This is the very book that I wanted to read.,এটিই সেই বই যেটি আমি পড়তে চাই।
Tom and Mary's wedding anniversary is today.,টম এবং মেরির বিবাহ বার্ষিকী আজ।
Tom didn't have the nerve to tell the truth.,টমের সত্য বলার সাহস ছিল না।
Tom has three sons. All of them are doctors.,টমের তিনটি ছেলে আছে। তাদের সকলেই ডাক্তার।
Tom is going on a picnic tomorrow with Mary.,টম আগামীকাল মেরির সাথে পিকনিকে যাচ্ছে।
Tom lied about his age to get into the club.,টম ক্লাবে ঢোকার জন্য নিজের বয়সের ব্যাপারে মিথ্যে কথা বলেছে।
Tom made a list of places he wants to visit.,টম ভ্রমণ করতে চায় এমন স্থানগুলোর একটি তালিকা বানিয়েছে।
Tom said that Mary could've done that alone.,টম বলল যে মেরি একাই এটা করতে পারত।
"Tom tried to speak to Mary, but he couldn't.","টম মেরির সাথে কথা বলার চেষ্টা করেছিল, কিন্তু সে পারেনি।"
What number bus do I take to get to Waikiki?,ওয়াইকিকি যাওয়ার জন্য কত নম্বর বাস নেব?
Would you like to come with us to the beach?,আপনি কি আমাদের সাথে সমুদ্র সৈকতে আসতে চান?
"You know I don't have to do that, don't you?","তুমি জানো আমাকে এটা করতে হবে না, তাই না?"
"You're not going to get away with this, Tom.","টম, তুমি এর থেকে পার পেয়ে যাবে না।"
You're not the first person to tell me that.,আপনি প্রথম মানুষ নন যে আমাকে এই কথাটা বলেছে।
Alexander Graham Bell invented the telephone.,আলেকজান্ডার গ্রাহাম বেল টেলিফোন আবিষ্কার করেন।
An official statement was released yesterday.,গতকাল একটি আনুষ্ঠানিক বিবৃতি প্রকাশ করা হয়।
Are there many Chinese restaurants in Boston?,বস্টনে কি অনেক চিনী রেস্তোরাঁ আছে?
Did Tom actually come to ask for money again?,টম কি আসলেই আবার টাকা চাইতে এসেছে?
Did it not occur to you to close the windows?,জানালা বন্ধ করার কথা কি আপনার মাথায় আসেনি?
Earthquakes and floods are natural disasters.,ভুমিকম্প আর বন্যা প্রকৃতিক বিপর্যয়।
Excuse me for opening your letter by mistake.,ভুল করে আপনার চিঠি খোলার জন্য আমাকে ক্ষমা করবেন।
How long does it take to walk to the station?,স্টেশন অবধি হেঁটে যেতে কতক্ষণ লাগে?
How much does it cost to eat at such a place?,ওই রকম জায়গায় খেতে গেলে কত খরচ পরবে?
"Humans are healed, but machines are repaired.","মানুষকে সুস্থ করে তোলা হয়, কিন্তু যন্ত্রকে মেরামত কতা হয়।"
I am going to do it whether you agree or not.,"তুমি রাজি হও বা না হও, আমি এটা করব।"
I am going to stay here for a couple of days.,আমি এখানে দু এক দিনের জন্য থাকব।
I am staying at the hotel for the time being.,আপাতত আমি একটা হোটেলে রয়েছি।
I can only speak French and a little English.,আমি খালি ফরাসি আর একটু ইংরাজিতে কথা বলতে পারি।
I don't like to go outside when it's raining.,বৃষ্টির সময় আমি বাইরে যাওয়া পছন্দ করি না।
I have to give back the book before Saturday.,আমাকে শনিবারের আগে বইটা ফেরত দিতে হবে।
I know that you and Tom didn't sing together.,আমি জানি আপনি এবং টম একসাথে গান করেননি।
"I want a car, but I have no money to buy one.",আমি একটা গাড়ি চাই কিন্তু গাড়ি কেনার টাকা আমার নেই।
I'll do my best not to disturb your studying.,তোমার পড়াশুনায় বিরক্ত না করার যথাসাধ্য চেষ্টা করবো।
I'll show you how to separate gold from sand.,বালু থেকে সোনা কীভাবে আলাদা করতে হয় তা আমি আপনাকে দেখাবো।
"I've discussed this with you before, I think.",আমার মনে হয় এই বিষয়ে আগেও আপনার সাথে আলোচনা করেছি।
It would be difficult to do that by yourself.,নিজে নিজে এটা করা কঠিন।
Mexico is a country located in North America.,মেক্সিকো উত্তর আমেরিকায় অবস্থিত একটি দেশ।
President Roosevelt won the election of 1940.,রাষ্ট্রপতি রুজভেল্ট ১৯৪০ সালে নির্বাচনে জয়ী হন।
Some minerals are important for human health.,কিছু খনিজ মানব স্বাস্থ্যের জন্য গুরুত্বপূর্ণ।
The bus stop is five minutes' walk from here.,বাস স্টপটা এখান থেকে পাঁচ মিনিটের হাঁটা পথ।
The concept of zero comes from Hindu culture.,শূন্যের ধারণা হিন্দু সংস্কৃতি হতে এসেছে।
The court found him guilty of stealing money.,আদালত তাকে টাকা চুরির দায়ে দোষী সাব্যস্ত করেছে।
The newspaper says that he committed suicide.,"পত্রিকায় বলা হয়, তিনি আত্মহত্যা করেছেন।"
This is the third longest river in the world.,এটা পৃথিবীর তৃতীয় দীর্ঘতম নদী।
Tom is eating breakfast alone in the kitchen.,টম রান্নাঘরে একলা প্রাতরাশ করছে।
Tom is reading a novel by Sidney Sheldon now.,টম এখন সিডনি শেলডনের লেখা একটি উপন্যাস পড়ছে।
Tom said he was going to ask Mary to do that.,টম বলেছিল যে সে মেরিকে এটি করতে বলবেন।
Tom said that Mary wanted to see the manager.,টম বলল যে মেরি ব্যবস্থাপককে দেখতে চায়।
Tom saw dirty footprints on the white carpet.,টম কার্পেটের উপর নোংরা পায়ের ছাপ দেখতে পেল।
"Tom was standing at the bar, drinking a beer.",টম বারে দাঁড়িয়ে বিয়ার খাচ্ছিল।
Tom went to the post office to mail a letter.,টম একটা চিঠি ডাকে দেওয়ার জন্য পোস্ট অফিসে গেলো।
"Tom works very hard, but not as hard as Mary.","টম খুব খাটে, কিন্তু মেরির মতো নয়।"
"Turn to the right, and you'll find my office.",ডানে বাঁক নিলে আপনি আমার অফিস পাবেন।
Two weeks have passed and I haven't seen you.,আমি আপনাকে দেখি না দুই সপ্তাহ পার হয়ে গেছে।
Visit our website for additional information.,অতিরিক্ত তথ্যের জন্য আমাদের ওয়েবসাইটে যান।
"Without your assistance, I would have failed.",আপনার সাহায্য ব্যাতিত আমি অকৃতকার্য হতাম।
Would you like to see some photos of my trip?,আপনি কি আমার ভ্রমণের কিছু ছবি দেখতে চান?
Your success is the result of your hard work.,আপনার সাফল্য আপনার কঠোর পরিশ্রমেরই ফল।
A lot of English words are derived from Latin.,ইংরাজির অনেক শব্দ লাতিন থেকে উৎপন্ন হয়েছে।
A river separates the city into east and west.,শহরটাকে একটা নদী পুর্ব আর পশ্চিমে ভাগ করেছে।
Cathode rays carry a negative electric charge.,ক্যাথোড রশ্মি ঋণাত্মক বৈদ্যুতিক চার্জ বহন করে।
Do you like looking at yourself in the mirror?,আপনি কি আয়নায় নিজেকে দেখতে পছন্দ করেন?
Dynamite was invented by Alfred Nobel in 1857.,১৮৫৭ সালে আলফ্রেড নোবেল ডিনামাইট আবিষ্কার করেন।
He listened to the music with his eyes closed.,তিনি চোখ বন্ধ করে গান শুনতেন।
How long do you think Tom has been doing this?,কতক্ষণ ধরে টম এই কাজ করছে বলে আপনি মনে করেন?
How many black and white movies have you seen?,আপনি কতগুলো সাদা-কালো সিনেমা দেখেছেন?
I always have to wear a tie because of my job.,চাকরির জন্য আমাকে সবসময় টাই পরতে হয়।
I asked her to make four copies of the letter.,আমি তাকে চিঠিটির চারটি অনুলিপি করতে বলেছি।
I can't believe that Tom really said no to me.,আমি বিশ্বাসই করতে পারছি না যে সত্যিই আমাকে না বলেছে।
I don't know if today is Tuesday or Wednesday.,আমি জানিনা আজ মঙ্গলবার না বুধবার।
I feed my cat every morning and every evening.,আমি আমার বেড়ালকে রোজ সকালে আর বিকালে খাবার দিই।
I think that Tom is reading a detective novel.,আমার মনে হয় টম একটা গোয়েন্দা উপন্যাস পড়ছে।
I think that's why Tom didn't want to do that.,আমার মনে হয় একারণেই টম ওটা করতে চায়নি।
I wouldn't be calling if it weren't important.,দরকারি না হলে আমি ফোন করতাম না।
I'm sure my parents won't let me go by myself.,আমি নিশ্চিত আমার বাবা-মা আমাকে একলা যেতে দেবে না।
It looks like Tom has broken a couple of ribs.,মনে হচ্ছে টমের কয়েকটা পাঁজর ভেঙ্গেছে।
It's not always so easy to do the right thing.,সঠিক জিনিসটা করা সবসময় অত সহজ হয় না।
Many companies advertise their products on TV.,অনেক কোম্পানি টিভিতে তাদের পণ্যের বিজ্ঞাপন দেয়।
She doesn't like to leave anything unfinished.,উনি কোন কাজই অসমাপ্ত রাখেন না।
Tell Tom I'm going to be gone for three weeks.,টমকে বলুন আমি তিন সপ্তাহের জন্য চলে যাব।
The police searched Tom's apartment for clues.,পুলিশ সূত্রের জন্য টমের অ্যাপার্টমেন্টে তল্লাশি চালায়।
There is no way I'm letting you do this alone.,আমি কোনমতেই এটা তোমাকে একলা করতে দেবো না।
There were few students left in the classroom.,শ্রেণীকক্ষের মধ্যে অল্পসংখ্যক ছাত্র বাকি ছিল।
They're celebrating their wedding anniversary.,তারা তাদের বিবাহ বার্ষিকী উদযাপন করছেন।
This plan will be very expensive to carry out.,এই পরিকল্পনা বাস্তবায়নে অনেক টাকা খরচ হবে।
Tom and I don't know anything about Australia.,টম এবং আমি অস্ট্রেলিয়া সম্পর্কে কিছুই জানি না।
Tom and Mary are planning to do that together.,টম এবং মেরি একসাথে এটি করার পরিকল্পনা করছে।
Tom and Mary live in Australia with their dad.,টম এবং মেরি তাদের বাবার সাথে অস্ট্রেলিয়ায় থাকেন।
Tom has decided that he's going to come early.,টম সিদ্ধান্ত নিয়েছে যে সে তাড়াতাড়ি আসবে।
Tom is a boy's name and Mary is a girl's name.,টম একটা ছেলের নাম আর মেরি একটা মেয়ের নাম।
Tom is going to be thirty years old next year.,আগামী বছর টমের বয়স হবে ৩০ বছর।
Tom told me he was going to leave early today.,টম আমাকে বলেছিল সে আজ তাড়াতাড়ি চলে যাবে।
What is the distance from here to the station?,এখান থেকে স্টেশনের দূরত্ব কতটা?
What time does the next train leave for Tokyo?,টোকিওর জন্য পরের ট্রেনটা কটার সময় ছাড়ে?
"When I got home, I found I had lost my wallet.",যখন বাড়ি ফিরলাম তখন দেখলাম আমি আমার মানিব্যাগটি হারিয়ে ফেলেছি।
"Which one do you prefer, this one or that one?","আপনার কোনটা পছন্দ, এটা না ওটা?"
You shouldn't have gone into the forest alone.,তোমার একা একা জঙ্গলে যাওয়া উচিত হয় নি।
"Thank you for helping me. ""Don't mention it.""","আমাকে সাহায্য করার জন্য ধন্যবাদ। ""ব্যাপার না।"""
"What kind of book are you reading? ""A novel.""","আপনি কী ধরনের বই পড়ছেন? ""উপন্যাস।"""
An angle of 90 degrees is called a right angle.,৯০ ডিগ্রি কোণকে এক সমকোণ বলে।
Can you tell me where I can find a guest house?,আমি একটা গেস্ট হাউস কোথায় পাব বলতে পারবেন?
Don't forget to return the book to the library.,বইটি গ্রন্থাগারে ফেরত দিতে ভুলে যেও না।
Don't you want to hear what Tom said about you?,টম আপনাকে নিয়ে কী বলেছে তা শুনতে চান না?
How long does it take from here to the station?,এখান থেকে স্টেশন যেতে কতক্ষণ লাগে?
How many Christmas cards did you get last year?,তুমি গত বছর কতগুলো খ্রিস্টমাস কার্ড পেয়েছিলে?
How much do you know about the US Constitution?,আপনি মার্কিন সংবিধান সম্পর্কে কতটা জানেন?
I can't see in because the curtains are closed.,পর্দা বন্ধ থাকায় আমি ভিতরে দেখতে পাচ্ছি না।
I couldn't have done it without you. Thank you.,তোমাকে ছাড়া এটা করতেই পারতাম না। ধন্যবাদ।
I couldn't have done it without you. Thank you.,আপনাকে ছাড়া এটা করতেই পারতাম না। ধন্যবাদ।
I found my mother busy ironing out some shirts.,আমি দেখলাম যে আমার মা কিছু জামা ইস্তিরি করতে ব্যাস্ত।
I have to go shopping. I'll be back in an hour.,আমাকে দোকানে যেতে হবে। আমি এক ঘন্টার মধ্যেই ফিরে আসবো।
I hope to graduate from university next spring.,আশা করি আগামী বসন্তে বিশ্ববিদ্যালয়ে আমার স্নাতক সম্পন্ন হবে।
I like Christie's novels better than Dickens's.,আমি ডিকেন্সের চেয়ে ক্রিস্টির উপন্যাস বেশি পছন্দ করি।
I like children. That's why I became a teacher.,আমি বাচ্চাদের পছন্দ করি। তাই আমি শিক্ষক হয়েছি।
I reached the museum after a few minutes' walk.,কয়েক মিনিট হাঁটার পর জাদুঘরে পৌঁছলাম।
I think that Tom didn't want to leave so early.,আমার মনে হয় টম এত তাড়াতাড়ি চলে যেতে চায়নি।
"My room is small, but it's large enough for me.","আমার রুম ছোট, কিন্তু এটা আমার জন্য যথেষ্ট বড়।"
"Obviously, Tom hasn't told anyone about us yet.",স্পষ্টতই টম কাউকেই আমাদের ব্যাপারে বলেনি।
One million people lost their lives in the war.,যুদ্ধে দশ লক্ষ মানুষ তাদের প্রাণ হারিয়েছিলেন।
Please lend me the video when you have seen it.,ভিডিওটি দেখার পর দয়া করে আমাকে ধার দিবেন।
She isn't old enough to get a driver's license.,চালকের লাইসেন্স পাওয়ার বয়স তার হয়নি।
The Roman Empire survived for a thousand years.,রোমান সাম্রাজ্য এক হাজার বছর ধরে টিকে ছিল।
The garbage collector comes three times a week.,আবর্জনা সংগ্রহকারী সপ্তাহে তিনবার আসে।
The sun rises in the east and sets in the west.,সূর্য পূর্বদিকে উদয় হয় আর পশ্চিম দিকে অস্ত যায়।
Tom and Mary spent the day avoiding each other.,টম এবং মেরি একে অপরকে এড়িয়ে দিন কাটিয়েছেন।
Tom has been doing that for a really long time.,টম সত্যিই দীর্ঘ সময় ধরে এটি করছে।
Tom has been suffering from a headache all day.,টম সারাদিন ধরে মাথা যন্ত্রনায় ভুগছে।
Tom is thinking of going to Boston next spring.,টম পরের বসন্তে বস্টন যাওয়ার কথা ভাবছে।
"Tom kept knocking on the door, but nobody came.","টম বারবার দরজায় ধাক্কা দিলো, কিন্তু কেউ বেরোলো না।"
"Tom kept knocking on the door, but nobody came.","টম বারবার দরজায় ধাক্কা দিলেন, কিন্তু কেউ বেরোলো না।"
"Tom kept knocking on the door, but nobody came.","টম বারবার দরজায় ধাক্কা দিলেন, কিন্তু কেউ বেরোলেন না।"
"Tom kept knocking on the door, but nobody came.","টম বারবার দরজায় ধাক্কা দিলো, কিন্তু কেউ বেরোলেন না।"
We may go to Australia next month to visit Tom.,আমরা হয়তো আগামী মাসে টমকে দেখতে অস্ট্রেলিয়া যেতে পারি।
We might stay in Boston for another three days.,আমরা হয়তো আরও তিনদিন বস্টনে থাকব।
What's the difference between a dog and a wolf?,কুকুর এবং নেকড়ের মাঝে পার্থক্য কী?
Where can I catch the bus to the Tokyo station?,টকিও স্টেশনে যাওয়ার জন্য বাস কোথা থেকে পাব?
An enemy of an enemy is not necessarily an ally.,শত্রুর শত্রু যে মিত্রই হবে তার কোনো মানে নেই।
"As humans age, their physical strength declines.",বয়স বৃদ্ধির সাথে সাথে মানুষের শারীরিক শক্তি কমে যায়।
"Besides being a surgeon, he was a famous writer.",সার্জন হওয়ার পাশাপাশি তিনি একজন বিখ্যাত লেখক ছিলেন।
Could you please speak a little bit more slowly?,আপনি কি অনুগ্রহ করে আরও একটু ধীরে ধীরে কথা বলতে পারবেন?
Do you think we can find someone to replace Tom?,তুমি কি মনে করো যে টমের বদলে আর কাউকে পাওয়া যাবে?
Do you think we can find someone to replace Tom?,আপনি কি মনে করেন যে টমের বদলে আর কাউকে পাওয়া যাবে?
Go along this street and turn right at the bank.,এই রাস্তা ধরে যাবেন আর ব্যাঙ্কের কাছ থেকে ডানদিকে বেঁকে যাবেন।
He departed for London the day before yesterday.,উনি গত পরশু লন্ডনের উদ্দেশ্যে রওনা দিয়েছেন।
How did you know that Tom was born in Australia?,আপনি কিভাবে জানলেন যে টমের জন্ম অস্ট্রেলিয়ায়?
How long would it take to swim across the river?,সাঁতার দিয়ে নদী পার হতে কতক্ষণ লাগবে?
I didn't think that Tom would have any problems.,আমি ভাবিনি যে টমের কোনো সমস্যা হবে।
I don't know what country those people are from.,ঐ লোকগুলো কোন দেশের তা আমি জানি না।
I know what I want. I just haven't found it yet.,আমি জানি আমি কি চাই। খালি আমি সেটা এখনো খুজে পাইনি।
"I like grapes, but I can't eat too many of them.","আমার আঙুর ভালো লাগে, কিন্তু আমি খুব বেশি খেতে পারি না।"
I received your letter the day before yesterday.,আমি গত পরশু আপনার চিঠি পেয়েছি।
I think badminton is more difficult than tennis.,আমি মনে করি টেনিসের চেয়ে ব্যাডমিন্টন বেশি কঠিন।
"I think that if you tried to do that, you could.",আমি মনে করি আপনি যদি এটি করার চেষ্টা করতেন তবে আপনি করতে পারতেন।
I think that it'll happen sooner than you think.,আমি মনে করি যে এটি আপনার ধারণার চেয়ে তাড়াতাড়ি ঘটবে।
I'm going to write about what I did last winter.,গত শীতে আমি কী কী করেছি সেসব আমি লিখতে যাচ্ছি।
I've got Tom's address somewhere on my computer.,আমার কম্পিউটারে কোথাও এক জায়গায় টমের ঠিকানা আছে।
"If this doesn't work, we can try something else.","যদি এটি কাজ না করে, আমরা অন্য কিছু চেষ্টা করতে পারি।"
It is certain that the price of gold will go up.,সোনার দাম যে বাড়বে তা নিশ্চিত।
No one in his class can run faster than he does.,তার ক্লাসের কেউ তার থেকে দ্রুত দৌড়াতে পারে না।
"Seen from the moon, the earth looks like a ball.",চাঁদ থেকে আকাশকে দেখতে বলের মতো লাগে।
She explained the literal meaning of the phrase.,তিনি বাক্যাংশটির আক্ষরিক অর্থ ব্যাখ্যা করে দিলেন।
She explained the literal meaning of the phrase.,উনি বাক্যাংশটির আক্ষরিক অর্থ ব্যাখ্যা করে দিলেন।
That guy who was just here gave me this for you.,যে লোকটি একটু আগে এখানে ছিল সে আমায় এটা দিয়েছে আপনাকে দেওয়ার জন্য।
The child's face glowed when he saw Santa Claus.,সান্তা ক্লজকে দেখে শিশুটির মুখ উজ্জ্বল হয়ে উঠল।
The only thing constant in this world is change.,এই পৃথিবীতে ধ্রুবক একমাত্র জিনিস হলো পরিবর্তন।
The train was delayed because of heavy snowfall.,প্রচণ্ড তুষারপাতের কারণে ট্রেন বিলম্বিত হয়েছিলো।
There still weren't any visible signs of spring.,বসন্তের প্রত্যক্ষ কোন চিহ্ন তখনও ছিলো না।
This is by far the best restaurant in this area.,এটা এই এলাকার সেরা রেস্তোরাঁ।
"Tom sat alone in his room, waiting by the phone.","টম ঘরে একলা বসেছিলো, ফোনের পাশে অপেক্ষা করছিলো।"
Two months have passed since he left for France.,তিনি ফ্রান্সে যাওয়ার পর দুই মাস কেটে গেছে।
What you do is more important than what you say.,আপনি কী বলছেন তার চেয়ে আপনি কী করছেন সেটা বেশি গুরুত্বপূর্ণ।
"When she was reading the letter, she looked sad.",চিঠিটা পড়ার সময় তাকে বিষণ্ণ লাগছিল।
Would you go to Australia if you had the chance?,সুযোগ পেলে অস্ট্রেলিয়া কি যাবেন?
You would have to practice the violin every day.,তোমাকে প্রত্যেকদিন বেহালা বাজানো অভ্যাস করতে হবে।
"At first, I couldn't make out what he was saying.",প্রথমে আমি বুঝতেই পারিনি উনি কি বলছেন।
Do you know which barbershop Tom usually goes to?,আপনি কি জানেন টম সাধারণত কোন নাপিতের দোকানে যায়?
He expected that their talk was going to be long.,তিনি আশা করেছিলেন যে তাদের আলোচনা দীর্ঘ হবে।
"He tried to make his wife happy, but he couldn't.","সে তার স্ত্রীকে খুশি করার চেষ্টা করেছিল, কিন্তু পারেনি।"
How come you know so much about Japanese history?,জাপানের ইতিহাস নিয়ে এত কিছু আপনি কীভাবে জানেন?
How many black and white movies have you watched?,আপনি কতগুলো সাদা-কালো সিনেমা দেখেছেন?
I gained a lot of weight when I was in Australia.,আমি যখন অস্ট্রেলিয়ায় ছিলাম তখন আমার ওজন অনেক বেড়ে গিয়েছিল।
I have an old computer that I don't want anymore.,আমার একটা পুরানো কম্পিউটার আছে যেটার আমার আর কোনো প্রয়োজন নেই।
I wonder what I should get you for your birthday.,আমি ভাবছি তোমাকে জন্মদিনে কী দেবো।
I'm actually not sure what I should be doing now.,আমার এখন কী করা উচিত সে বিষয়ে আসলে আমি নিশ্চিত নই।
"If you work hard, all your dreams will come true.","যদি তুমি কঠোর পরিশ্রম করো, তোমার সব স্বপ্ন পূরণ হবে।"
It is important to remember who your friends are.,তোমার বন্ধু কারা সেটা মনে রাখাটা জরুরি।
It's been a while since we've had lunch together.,আমরা একসাথে দুপুরের খাবার খেয়েছি অনেকদিন হয়ে গেছে।
Just staying alive in these times is hard enough.,এখনকার সময় শুধু বেঁচে থাকাটাও যথেষ্ট কঠিন।
Mental health is as important as physical health.,শারীরিক স্বাস্থ্যের মতো মানসিক স্বাস্থ্যও গুরুত্বপূর্ণ।
There wasn't much news in last night's newspaper.,গত রাতের খবরের কাগজে বেশি খবর ছিল না।
There's no way I'm going to leave you alone here.,আমি কোনমতেই তোমাকে এখানে একলা ছেড়ে রেখে যেতে পারবো না।
This project will take at least a year to finish.,এই প্রকল্পটা শেষ হতে আরো অন্তত এক বছর লাগবে।
Tom didn't say why he wasn't happy with our work.,আমাদের কাজে খুশি না হওয়ার কারণ টম বলেনি।
We might go to Australia next month to visit Tom.,আমরা হয়তো আগামী মাসে টমকে দেখতে অস্ট্রেলিয়া যেতে পারি।
Will she forgive him for forgetting her birthday?,তার জন্মদিন ভুলে যাওয়ার জন্য সে কি আমায় ক্ষমা করবে?
"You know that I don't have to do that, don't you?","তুমি জানো আমাকে এটা করতে হবে না, তাই না?"
"Why aren't you going? ""Because I don't want to.""","আপনি যাচ্ছেন না কেন? ""কারন আমি যেতে চাই না।"""
"Why aren't you going? ""Because I don't want to.""","তুমি যাচ্ছো না কেন? ""কারন আমি যেতে চাই না।"""
"At first, they were all convinced he was innocent.",প্রথমে তাঁরা নিশ্চিত ছিলেন যে তিনি নির্দোষ।
"He studies English, but he's also studying German.",তিনি ইংরেজির পাশাপাশি জার্মান ভাষা পড়াশোনা করছেন।
How did you know that I used to live in Australia?,আপনি কীভাবে জানলেন যে আমি অস্ট্রেলিয়ায় থাকতাম?
I can stay with you for as long as you want me to.,তুমি যতক্ষণ চাও আমি তোমার সাথে থাকতে পারি।
I stayed at home all day instead of going to work.,কাজে না গিয়ে আমি সারা দিন বাসায় ছিলাম।
"I'm busy, but I don't think I'm as busy as Tom is.","আমি ব্যস্ত, কিন্তু আমার মনে হয় না যে আমি টমের মতো ব্যস্ত।"
"I'm from Australia, but now I live in New Zealand.","আমি অস্ট্রেলিয়া থেকে এসেছি, কিন্তু এখন আমি নিউজিল্যান্ডে থাকি।"
It seems that Tom only eats fruits and vegetables.,দেখে মনে হচ্ছে টম শুধুমাত্র ফল এবং সবজি খায়।
Last week she gave birth to a beautiful baby girl.,গত সপ্তাহে তিনি এক সুন্দর মেয়ে শিশুর জন্ম দিয়েছেন।
"Not only did he teach school, but he wrote novels.","তিনি শুধু স্কুলে পড়াননি, উপন্যাসও লিখেছেন।"
Please don't turn up the volume on the television.,দয়া করে টিভিটার আওয়াজ বাড়িয়ে দেবেন না।
Puerto Ricans were granted US citizenship in 1917.,পুয়ের্তো রিকানদের ১৯১৭ সালে মার্কিন নাগরিকত্ব প্রদান করা হয়।
"Some of them are teachers, and some are engineers.","তাদের মধ্যে কেউ কেউ শিক্ষক, আর কেউ কেউ ইঞ্জিনিয়ার।"
The date and place of the meeting have been fixed.,সভাটার স্থান এবং কাল দুটোই স্থির হয়ে গেছে।
The same thing happened three years ago in Boston.,ঠিক একই ঘটনা বস্টনে তিন বছর আগে ঘটেছিলো।
This is the most interesting novel I've ever read.,এটি আমার পড়া সবচেয়ে আকর্ষণীয় উপন্যাস।
Tom came to Boston when he was thirteen years old.,টম যখন তেরো বছরের ছিলো তখন বস্টনে এসেছিলো.
Tom certainly isn't as smart as Mary thinks he is.,টম অতটা বুদ্ধিমান নয় যতটা মেরি মনে করে।
Tom died shortly after he returned from Australia.,অস্ট্রেলিয়া থেকে ফেরার পরপরই টম মারা যায়।
Tom felt uneasy talking to Mary about that matter.,টম এই বিষয়ে মেরির সাথে কথা বলতে অস্বস্তি বোধ করেছিল।
Tom is one of the most generous people I ever met.,টম আমার দেখা সবচেয়ে উদার মানুযদের মধ্যে একজন।
Tom said that's not likely to happen anytime soon.,টম বলল যে এটি শীঘ্রই হওয়ার সম্ভাবনা কম।
Tom shouldn't have gone out after dark by himself.,টমের অন্ধকারের মধ্যে একলা একলা বেড়ানো উচিৎ হয় নি।
Tom was reading the newspaper when Mary walked in.,টম যখন খবরের কাগজ পড়ছিল তখন মেরি ঘরে ঢুকল।
We might as well stay here until it stops hailing.,এটা ভালভাবে শেষ না হওয়া পর্যন্ত আমরা এখানে থাকতে পারি।
Where is the boarding gate for Japan Airlines 124?,জাপান এয়ারলাইন্সের ১২৪ নম্বর প্লেনএ ওঠার দরজাটা কোথায়?
Why don't you come to my place for dinner tonight?,তুমি আজ রাতে খাবারের জন্য আমার বাসায় আসো না কেন?
You're not the only one here who can speak French.,আপনি এখানে একমাত্র ব্যক্তি নন যিনি ফরাসি বলতে পারেন।
You're one of the most generous people I ever met.,আপনি আমার দেখা সবচেয়ে উদার মানুযদের মধ্যে একজন।
Christianity and Islam are two different religions.,খ্রিস্টধর্ম ও ইসলাম দুটি ভিন্ন ধর্ম।
Don't you think that Tom is a little young for you?,আপনার মনে হয় না টম আপনার পক্ষে একটু ছোট?
"Excuse me, does this train go to Washington Square?","একটু শুনবেন, এই ট্রেনটা কি ওয়াশিংটন স্কোয়ার অবধি যায়?"
How long does it take to the train station by taxi?,এখান থেকে ট্যাক্সি করে ট্রেন স্টেশন যেতে কতক্ষণ লাগে?
How many Christmas cards did you receive last year?,তুমি গত বছর কতগুলো খ্রিস্টমাস কার্ড পেয়েছিলে?
How much do you know about artificial intelligence?,আপনি কৃত্রিম বুদ্ধিমত্তা সম্পর্কে কতটা জানেন?
How old were your kids when you moved to Australia?,আপনি অস্ট্রেলিয়ায় চলে যাওয়ার সময় আপনার সন্তানদের বয়স কত ছিল?
I don't think Tom has met either of Mary's sisters.,আমার মনে হয় না টম মেরির কোনো বোনের সাথে সাক্ষাৎ করেছে।
I don't want to get involved in that sort of thing.,আমি এইসমস্ত ব্যাপারে নিজেকে জড়াতে চাই না।
I think that that's why Tom didn't want to do that.,আমার মনে হয় একারণেই টম ওটা করতে চায়নি।
I want to know why you're not working here anymore.,আমি জানতে চাই কেন আপনি এখানে আর কাজ করছেন না।
I was wondering if you were going to show up today.,তুমি আজ আসবে কি না আমি সেটাই ভাবছিলাম।
Is this the reason you didn't want to come with me?,এই কারণেই কি আপনি আমার সাথে আসতে চাননি?
It's good to see that our efforts were not in vain.,এটা দেখে ভালো লাগছে যে আমাদের প্রচেষ্টা বৃথা যায়নি।
She can sing better than anybody else in her class.,সে তার ক্লাসের অন্য সবার চেয়ে ভালো গান গাইতে পারে।
The South Pole is a lot colder than the North Pole.,উত্তর মেরুর চেয়ে দক্ষিণ মেরু অধিকতর ঠান্ডা।
The village is connected with our town by a bridge.,গ্রামটি আমাদের শহরের সাথে একটি সেতু দ্বারা সংযুক্ত।
There has been no rain here for the past two weeks.,এখানে গত দুই সপ্তাহে কোনো বৃষ্টি হয়নি।
There's no way I'm leaving you here alone with Tom.,আমি কোনমতেই তোমাকে এখানে টমের সাথে একলা ছেড়ে রেখে যেতে পারবো না।
"To tell the truth, I don't like his way of talking.",সত্যি বলতে কী তার কথা বলার ধরণ আমার পছন্দ হয়নি।
Tom is very methodical in the way he does his work.,টম নিজের কাজের পদ্ধতিতে বেশ নিয়মনিষ্ঠ।
Tom looked like he was going to start crying again.,টম দেখে মনে হল সে আবার কাঁদতে শুরু করবে।
Tom picked up the newspaper and read the headlines.,টম খবরের কাগজটা তুলে নিয়ে শিরনামটা পড়ল।
Tom said he was at home on the night of the murder.,টম বলেছিল যে খুনের রাতে সে বাড়িতে ছিল।
Valentine's Day is celebrated all around the world.,ভ্যালেন্টাইন ডে সারা পৃথিবী জুড়ে পালন করা হয়।
What's the good of having a car if you don't drive?,"যদি তুমি গাড়ি না চালাও, তাহলে গাড়ি থেকে লাভ কী?"
Which is the most populated continent in the world?,বিশ্বের সবচেয়ে জনবহুল মহাদেশ কোনটি?
Wikipedia is the best encyclopedia on the Internet.,উইকিপিডিয়া হলো ইন্টারনেটে সবচেয়ে সেরা বিশ্বকোষ।
Would you go to Australia if you had the chance to?,সুযোগ পেলে অস্ট্রেলিয়া কি যাবেন?
Did you keep her picture because you still love her?,আপনি কি এই জন্য তার ছবি রেখেছেন কারণ আপনি এখনও তাকে ভালোবাসেন?
Did you know that some foxes lived on this mountain?,আপনি কি জানতেন যে এই পর্বতে কিছু শেয়াল বাস করতো?
How could you leave a four-year-old child all alone?,তুমি কি করে একটা চার বছর বয়সের বাচ্চাকে একলা ফেলে রেখে যেতে পারো?
How do I explain it so that everyone understands it?,আমি এটাকে কিভাবে ব্যাখ্যা করব যাতে সবাই এটা বুঝতে পারে?
I used to go swimming in the sea when I was a child.,ছোট থাকতে আমি সাগরে সাঁতার কাটতে যেতাম।
It is often said that sweets are bad for your teeth.,এটা প্রায়ই বলা হয় যে মিষ্টি আপনার দাঁতের জন্য ক্ষতিকর।
People should understand that the world is changing.,মানুষের বোঝা উচিৎ যে পৃথিবী বদলাচ্ছে।
The Internet is an invaluable source of information.,ইন্টারনেট তথ্যের একটি অমূল্য উৎস।
"The capital of Australia is Canberra, not Melbourne.","অস্ট্রেলিয়ার রাজধানী ক্যানবেরা, মেলবোর্ন নয়।"
The problem is whether my parents will agree or not.,সমস্যা হলো আমার বাবা মা রাজি হবে কি না।
There is not much doubt about the cause of the fire.,আগুন লাগার কারণ নিয়ে খুব একটা সন্দেহ নেই।
They need help to understand their office equipment.,তাদের অফিস সরঞ্জাম বুঝতে সাহায্য প্রয়োজন।
This is one of the worst movies that I've ever seen.,এটা আমার দেখা অন্যতম জঘন্য সিনেমা।
Tom is the one who convinced Mary to try to do that.,টম মেরিকে ওটা করার জন্য রাজি করিয়েছে।
A beautiful woman like you shouldn't be eating alone.,আপনার মতো সুন্দরি মহিলার একা খাওয়া উচিৎ নয়।
Did you read the editorial I wrote for the newspaper?,পত্রিকার জন্য আমি যে সম্পাদকীয় লিখেছিলাম সেটা কি আপনি পড়েছেন?
"For me, money isn't the most important thing in life.",আমার কাছে অর্থ জীবনের সবচেয়ে গুরুত্বপূর্ণ জিনিস নয়।
How much money do you think Tom will need to do that?,এটা করতে টমের কত টাকা লাগবে বলে আপনি মনে করেন?
I didn't want to leave before the work was completed.,কাজ শেষ হওয়ার আগে আমি চলে যেতে চাইনি।
I hope I have enough money to buy everything we need.,আশা করি আমাদের যা প্রয়োজন তা কেনার মতো পর্যাপ্ত টাকা আমার আছে।
I never realized how awful living all alone could be.,একা থাকাটা কতটা ভয়াবহ হতে পারে সেটা আমি কখনো উপলব্ধিই করিনি।
I'm pretty sure Tom has never been a patient of mine.,আমি নিশ্চিত যে টম কখনই আমার রোগী ছিল না।
Is there any possibility that he'll win the election?,উনি যে নির্বাচনটা জিতবেন তেমনকি কোনো সম্ভাবনা আছে?
It goes without saying that health is very important.,এটা বলার প্রয়োজন নেই যে স্বাস্থ্য অনেক গুরুত্বপূর্ণ।
It will be a long time before he has fully recovered.,তার পুরোপুরি সুস্থ হতে অনেক সময় লাগবে।
My mother goes to the market every day to buy things.,আমার মা প্রত্যেকদিন বাজারে যায় জিনিস কিনতে।
People usually don't like what they can't understand.,মানুষ যা বোঝেনা তা সাধারণত পছন্দ করে না।
She needed the entire afternoon to complete the work.,কাজটি শেষ করতে তার পুরো বিকেলের প্রয়োজন ছিল।
The beginning is the most important part of the work.,কোনো কাজের সবচেয়ে গুরুত্বপূর্ণ অংশ হলো কাজটি শুরু করা।
Tom thought Mary would be present at today's meeting.,টম ভেবেছিল আজকের মিটিংয়ে মেরি উপস্থিত থাকবে।
"We'll just have to ask Tom to do it for us, won't we?","আমাদের খালি টমকে আমাদের হয়ে এই কাজটা করে দিতে বলতে হবে, তাই না?"
What time does the shuttle bus leave for the airport?,শাটেল বাসটা এয়ারপোর্টের জন্য কটায় ছাড়ে?
What time does the shuttle bus leave for the airport?,শাটেল বাসটা এয়ারপোর্টের জন্য কটার সময় ছাড়ে?
"When I got home, I noticed that I had lost my wallet.",বাড়ি গিয়ে আমি খেয়াল করলাম যে আমার মানিব্যাগ হারিয়ে ফেলেছি।
When was the last time you heard Tom speaking French?,শেষ কবে আপনি টমকে ফরাসি বলতে শুনেছেন?
"When you can't do what you want, you do what you can.","তুমি যেটা চাও সেটা যখন করতে পারো না, তখন সেটাই করো যেটা তুমি পারো।"
You should think about everything I've just told you.,আমি তোমাকে যা বলেছি তার সবকিছু নিয়ে তোমার ভাবা উচিত।
You'll have to wait at least an hour to get a ticket.,টিকিট পেতে হলে আপনাকে অন্তত এক ঘন্টা অপেক্ষা করতে হবে।
You're probably wondering how I found out about that.,আপনি হয়তো ভাবছেন আমি কি করে ওই ব্যাপারটা জানতে পারলাম।
All our problems would go away if we just ignore them.,আমাদের সমস্ত সমস্যা দূর হয়ে যাবে যদি আমরা তাদের উপেক্ষা করি।
He couldn't overcome the desire for another cigarette.,আরেকটা সিগারেটের আকাঙ্ক্ষা সে কাটিয়ে উঠতে পারেনি।
I'm going to have plenty of time to do that next week.,পরের সপ্তাহে সেটা করার জন্য আমি পর্যাপ্ত সময় পাবো।
In the beginning God created the heaven and the earth.,আদিতে ঈশ্বর স্বর্গ ও পৃথিবী সৃষ্টি করেছেন।
"Obviously, Tom hasn't told anyone about what happened.",স্পষ্টতই টম কাউকেই বলেনি কি ঘটেছিল।
Please bring us two cups of tea and one cup of coffee.,অনুগ্রহ করে আমাদের জন্য দু কাপ চা আর এক কাপ কফি নিয়ে আসবেন।
Tom doesn't know the difference between Iraq and Iran.,ইরাক আর ইরানের মাঝের পার্থক্য টম জানে না।
Tom said Mary had given him permission to leave early.,টম বলল যে মেরি তাকে তাড়াতাড়ি চলে যাওয়ার অনুমতি দিয়েছিল।
Tom wasn't given the chance that you and I were given.,টমকে সেই সুযোগ দেওয়া হয়নি যেটা তোমাকে এবং আমাকে দেওয়া হয়েছিল।
Tom wasn't given the chance that you and I were given.,তোমাকে এবং আমাকে যে সুযোগ দেওয়া হয়েছিল টমকে সে সুযোগ দেওয়া হয়নি।
We are supposed to take off our shoes at the entrance.,প্রবেশদ্বারে আমাদের জুতা খুলে ফেলার কথা।
We celebrated our tenth wedding anniversary yesterday.,আমরা গতকাল আমাদের দশম বিবাহ বার্ষিকী উদযাপন করেছি।
A lot of people say Tom is the best player on our team.,অনেকেই বলে যে টম আমাদের দলের সব থেকে ভালো খেলোয়ার।
"Because of that virus, many elephants lost their lives.",ওই ভাইরাসের কারণে অনেক হাতি তাদের জীবন হারিয়েছে।
"From the look of the sky, it may begin to snow tonight.",আকাশ দেখে মনে হচ্ছে আজ রাতে বরফ পরা শুরু হতে পারে।
He's been staying at that hotel for the past five days.,তিনি গত পাঁচ দিন যাবৎ হোটেলটিতে আছেন।
How old were your children when you moved to Australia?,আপনি অস্ট্রেলিয়ায় চলে যাওয়ার সময় আপনার সন্তানদের বয়স কত ছিল?
"In the future, many workers will be replaced by robots.",ভবিষ্যতে অনেক শ্রমিক রোবট দ্বারা প্রতিস্থাপিত হবে।
People who live in glass houses shouldn't throw stones.,যারা কাঁচের ঘরে থাকে তাদের পাথর ছোড়া উচিত নয়।
The man attacked her with the intention of killing her.,ওই ব্যক্তি তাকে হত্যার উদ্দেশ্য নিয়ে তার ওপর হামলা চালায়।
Those who live in glass houses should not throw stones.,কাঁচের ঘরে যারা থাকে তাদের ঢিল ছোড়া উচিৎ নয়।
Tom picked up the broken pieces of glass off the floor.,টম মাটি থেকে ভাঙ্গা কাঁচের টুকরোগুলো তুললো।
You're the only person I know who doesn't like bananas.,আপনিই আমার জানা একমাত্র লোক যিনি কলা পছন্দ করেন না।
Don't hesitate to ask questions if you don't understand.,না বুঝলে প্রশ্ন করতে দ্বিধা করবেন না।
How long did it take you to recover from your operation?,আপনার অস্ত্রোপচারের পরে সুস্থ হতে কত সময় লেগেছিল?
I don't think that Tom has met either of Mary's sisters.,আমার মনে হয় না টম মেরির কোনো বোনের সাথে সাক্ষাৎ করেছে।
I just want to make you as happy as you want to make me.,তুমি আমাকে যেমন খুশি করতে চাও আমি তোমাকে ঠিক তেমন খুশি করতে চাই।
I'd like to give Tom something special for his birthday.,আমি টমকে তার জন্মদিনে বিশেষ কিছু দিতে চাই।
It wasn't until I heard him speak that I recognized him.,আমি ওনার কথা শোনার আগে পর্যন্ত ওনাকে চিনতে পারিনি।
The Euro is the official currency of the European Union.,ইউরো হলো ইউরোপীয় ইউনিয়নের সরকারী মুদ্রা।
Tom thought that the amulet would protect him from harm.,টম ভাবলেন যে তাবিজটা ওনাকে ক্ষতির হাত থেকে বাঁচাবে।
"When will you be back? ""It all depends on the weather.""","আপনি কখন ফিরবেন? ""সবকিছুই আবহাওয়ার উপর নির্ভর করছে।"""
Actinium was discovered by André-Louis Debierne in 1899.,আন্দ্রে-লুই ডেবিয়ার্ন ১৮৯৯ সালে অ্যাক্টিনিয়াম আবিষ্কার করেন।
Everyone would like to believe that dreams can come true.,সবাই বিশ্বাস করতে চায় যে স্বপ্ন সত্যি হতে পারে।
I'm probably not the only one who didn't want to do that.,সম্ভবত আমি একা নই যে ওটা করতে চায়নি।
"I'm really hungry, but I can't decide what I want to eat.","আমার খুব খিদে পেয়েছে, কিন্তু আমি ঠিক করতে পারছি না কি খাব।"
My elbow really hurts. I guess I should go to a hospital.,আমার কনুই খুব ব্যাথা করছে। আমার মনে হয় আমার হাসপাতালে যাওয়া উচিৎ।
Tom doesn't have to worry. Nothing bad's going to happen.,টমের চিন্তা করার দরকার নেই। খারাপ কিছু হবে না।
Tom seems to be able to sense when someone is in trouble.,অন্য কেউ অসুবিধায় পড়লে টম মনে হয় বুঝতে পারে।
"According to the Bible, God created the world in six days.",বাইবেল অনুসারে ঈশ্বর ছয় দিনে পৃথিবী সৃষ্টি করেছেন।
"An hour has sixty minutes, and a minute has sixty seconds.","এক ঘন্টায় ষাট মিনিট হয়, আর এক মিনিটে ষাট সেকেন্ড।"
How long has it been since you received a letter from him?,আপনি উনার কাছে থেকে কোনো চিঠি পাওয়ার কতদিন হয়েছে?
I don't care where we eat dinner. It's entirely up to you.,আপনি কোথায় রাতের খাবার খাবেন তাতে আমার কিছু আসে-যায় না। এটা একান্তই আপনার ব্যাপার।
I saw Mary sitting in front of a mirror brushing her hair.,মেরিকে আয়নার সামনে বসে চুল আঁচড়াতে দেখলাম।
"I would've liked to come with you, but I didn't have time.","আমি আপনার সাথে যেতে পারতাম, কিন্তু আমার সময় ছিল না।"
I'm pretty sure that Tom has never been a patient of mine.,আমি নিশ্চিত যে টম কখনই আমার রোগী ছিল না।
The Japanese take off their shoes when they enter a house.,জাপানিরা বাড়িতে প্রবেশের সময় জুতা খুলে প্রবেশ করে।
The most important thing you can do now is to remain calm.,এখন সব থেকে জরুরি কাজ যেটা করতে পারেন সেটা হলো শান্ত থাকা।
There are still a few more things that I need to tell you.,আরো কিছু জিনিস আছে যা আমার আপনাকে বলতে হবে।
They announced the date of their wedding in the newspaper.,পত্রিকায় বিয়ের তারিখ ঘোষণা করেছিলেন তারা।
"You do what you have to do, and I'll do what I have to do.",তোমার যা করতে হবে তুমি তাই করো আর আমার যা করতে হবে আমি তা করবো।
"Can I help you? ""No, thank you. I'm just looking around.""","আমি কি আপনাকে কোনো সাহায্য করতে পারি? ""না, ধন্যবাদ। আমি খালি একটু ঘুরে দেখছি।"""
Can you imagine what life would be like without television?,টেলিভিশন না থাকলে জীবন কেমন হতো ভাবতে পারেন?
"Generally speaking, men are physically stronger than women.",সাধারণভাবে বলতে গেলে পুরুষরা শারীরিকভাবে নারীদের চেয়ে বেশি শক্তিশালী।
"I'd like to do it, but unfortunately I don't have the time.","আমার এটা করার ইচ্ছা রয়েছে, কিন্তু দুর্ভাগ্যক্রমে আমার হাতে সময় নেই।"
"If you help me learn English, I'll help you learn Japanese.","আপনি যদি আমাকে ইংরেজি শিখতে সাহায্য করেন, আমি আপনাকে জাপানি শিখতে সাহায্য করবো।"
The app won't work if you're not connected to the Internet.,আপনি ইন্টারনেটের সাথে সংযুক্ত না থাকলে অ্যাপটি কাজ করবে না।
The police are looking for the person who stole my bicycle.,যে ব্যক্তি আমার সাইকেল চুরি করেছে পুলিশ তাকে খুঁজছে।
"Tom and Mary were alone in the hall, talking to each other.","টম আর মেরি হলে একলা ছিলো, নিজেদের মধ্যে কথা বলছিলো।"
Tom couldn't understand why no one else seemed to be happy.,টম বুঝতেই পারছিলো না যে অন্য কেউই খুশি ছিলো না।
Tom said that Mary had given him permission to leave early.,টম বলল যে মেরি তাকে তাড়াতাড়ি চলে যাওয়ার অনুমতি দিয়েছিল।
Tom thought that the amulet would protect him from witches.,টম ভাবলেন যে তাবিজটা ওনাকে ডাইনিদের হাত থেকে বাঁচাবে।
Work is a very important part of life in the United States.,কাজ মার্কিন যুক্তরাষ্ট্রে জীবনের একটি অত্যন্ত গুরুত্বপূর্ণ অংশ।
"Are you going somewhere this evening, or are you staying in?",আপনি কি আজ সন্ধ্যায় কোথাও যাচ্ছেন না কি বাড়িতেই অবস্থান করছেন?
"Because of the heavy fog, not a single person could be seen.",ভারী কুয়াশার জন্য একজনকেও দেখা যাচ্ছিলো না।
How often are you able to play volleyball with your friends?,কত ঘন ঘন আপনি আপনার বন্ধুদের সাথে ভলিবল খেলতে সক্ষম?
"I understand the sentence, but I'm not able to translate it.","আমি বাক্যটার মানে বুঝতে পারছি, কিন্তু অনুবাদ করতে পারছি না।"
"I would have liked to come with you, but I didn't have time.","আমি আপনার সাথে যেতে পারতাম, কিন্তু আমার সময় ছিল না।"
"I would have liked to come with you, but I didn't have time.","আমি তোমার সাথে যেতে পারতাম, কিন্তু আমার সময় ছিল না।"
"I would have liked to come with you, but I didn't have time.","আমি তোমাদের সাথে যেতে পারতাম, কিন্তু আমার সময় ছিল না।"
"I would have liked to come with you, but I didn't have time.","আমি আপনাদের সাথে যেতে পারতাম, কিন্তু আমার সময় ছিল না।"
I'd like to change my reservation from three to five nights.,আমি সংরক্ষণটি তিন দিন থেকে পাঁচ দিনে পালটাতে চাই।
It makes no difference to me whether you get married or not.,আপনি বিয়ে করেছেন কি করছেন না তাতে আমার কিছু যায় আসে না।
The news of her sudden death came like a bolt from the blue.,তার মৃত্যুর সংবাদটি সম্পূর্ণ অপ্রত্যাশিত ছিল।
"The train arrived on time, so we didn't have to wait at all.","ট্রেনটা সময় মতোই এসেছিলো, তাই আমাদের একদমই অপেক্ষা করতে হয়নি।"
Tom likes to be busy and hates sitting around doing nothing.,টম ব্যস্ত থাকতে পছন্দ করে আর কিছু না করে চুপচাপ বসে থাকতে একদম পছন্দ করে না।
Tom played the piano for three hours without taking a break.,টম তিন ঘন্টা বিরতিহীন পিয়ানো বাজিয়েছিল।
"What's going on in the cave? I'm curious. ""I have no idea.""","গুহার ভেতর কি হচ্ছে? আমি জানার জন্য উৎসুক হয়ে আছি। ""আমার কোনো ধারণা নেই।"""
A fire broke out last night and three houses were burnt down.,গতকাল রাতে আগুন লেগে তিনটি বাড়ি পুড়ে যায়।
I wasn't surprised when Tom told me I didn't have to do that.,যখন টম আমায় বলেছিল যে আমাকে সেটা করতে হতো না তখন আমি অবাক হইনি।
"If he had taken his doctor's advice, he might still be alive.","উনি যদি ওনার ডাক্তারের পরামর্শ মানতেন, তাহলে হয়তো এখনো বেঁচে থাকতেন।"
It irritates Tom when Mary leaves the cap off the toothpaste.,মেরি টুথপেস্টের ঢাকনা খুলে রাখলে টম বিরক্ত হয়ে যায়।
Tom and I are planning on going to a movie together tomorrow.,টম এবং আমি আগামীকাল একসাথে একটি চলচ্চিত্র দেখতে যাওয়ার পরিকল্পনা করছি।
Tom is still planning to have a party the day after tomorrow.,টম এখনও পরশু একটি পার্টি করার পরিকল্পনা করছে।
"What's happening in the cave? I'm curious. ""I have no idea.""","গুহার ভেতর কি হচ্ছে? আমি জানার জন্য উৎসুক হয়ে আছি। ""আমার কোনো ধারণা নেই।"""
"If it had not been for your help, my father would have failed.",তোমার সাহায্য ছাড়া আমার বাবা ব্যর্থ হতেন।
"I give up. No matter what I do, you never seem to be satisfied.","আমি হাল ছেড়ে দিলাম। আমি যাইই করি না কেন, আপনাকে দেখে কখনই সন্তুষ্ট বলে মনে হয় না।"
I missed my stop. How long does it take to reach the next stop?,আমি আমার নামার জায়গাটা ছাড়িয়ে এসেছি। পরের স্টপটি পৌছাতে আর কতক্ষন লাগবে?
This tape recorder will make it easier for us to learn English.,এই টেপ রেকর্ডারটা আমাদের ইংরাজি শেখা সহজ করে দেবে।
Do you know the difference between a microscope and a telescope?,অণুবীক্ষণ যন্ত্র এবং দূরবীক্ষণ যন্ত্রের মাঝে পার্থক্য আপনি জানেন কি?
I want to go to Australia once again before my passport expires.,আমার পাসপোর্টের মেয়াদ শেষ হওয়ার আগে আমি আবার অস্ট্রেলিয়া যেতে চাই।
This book is for students whose native language is not Japanese.,এই বইটি সেই সমস্ত ছাত্রছাত্রীদের জন্য যাদের মাতৃভাষা জাপানী নয়।
"Tom took shelter under the tree, hoping he wouldn't get too wet.",টম গাছের নিচে আশ্রয় নিল এই আশায় যে সে বেশি ভিজে যাবে না।
I don't think anyone would want to see that movie more than once.,আমার মনে হয় না যে কেউ একবারের বেশি সিনেমাটি দেখতে চাইবে।
This is like fighting someone with one arm tied behind your back.,এটা ঠিক যেন এক হাত পিছোনে বেঁধে কারুর সাথে লড়াই করার মতো ব্যপার।
"When I was thirteen, someone told me I was really good at French.",আমার যখন তেরো বছর বয়স তখন আমাকে কেউ একজন বলেছিলো যে আমি নাকি ফরাসিতে খুব ভালো।
"Anyway, if it just stops raining, then we might be able to go out.","যাই হোক, যদি বৃষ্টি থামে, তাহলে আমরা হয়ত বাইরে বেরোতে পারবো।"
Four hundred million people speak English as their first language.,চল্লিশ কোটি মানুষ তাদের প্রথম ভাষা হিসাবে ইংরেজী বলে।
I don't think anybody would want to see that movie more than once.,আমার মনে হয় না যে কেউ একবারের বেশি সিনেমাটি দেখতে চাইবে।
It took me more than two hours to translate a few pages of English.,কয়েক পাতা ইংরাজি অনুবাদ করতে আমার দু ঘন্টারও বেশি সময় লেগেছিলো।
Tom was reading the sports page when Mary came into the living room.,টম যখন খেলার পাতাটা পড়ছিল তখন মেরি বসার ঘরে ঢুকল।
Our blood contains five million red blood cells per cubic millimeter.,আমাদের রক্তে প্রতি ঘন মিলিমিটারে পাঁচ মিলিয়ন লোহিত রক্তকণিকা রয়েছে।
A lot of buildings collapsed in Japan due to the earthquake yesterday.,গতকালের ভূমিকম্পে জাপানে অনেক ভবন ধসে পড়েছে।
"Because of the heavy fog, we could barely see the road in front of us.",ঘন কুয়াশার কারণে সামনের রাস্তাটা দেখা যাচ্ছিল না।
I don't think that anyone would want to see that movie more than once.,আমার মনে হয় না যে কেউ একবারের বেশি সিনেমাটি দেখতে চাইবে।
I was surprised Tom didn't want to do what everyone else wanted to do.,আমি অবাক হয়েছিলাম যে টম অন্য সবাই যা করতে চায় তা করতে চায়নি।
"It's grammatically correct, but a native speaker would never say that.",ব্যাকরণগত দিক দিয়ে এটি সঠিক হলেও স্থানীয় লোকজন এটা বলে না।
I don't think that anybody would want to see that movie more than once.,আমার মনে হয় না যে কেউ একবারের বেশি সিনেমাটি দেখতে চাইবে।
I was surprised Tom didn't want to do what everybody else wanted to do.,আমি অবাক হয়েছিলাম যে টম অন্য সবাই যা করতে চায় তা করতে চায়নি।
Tom seemed genuinely surprised when I told him that Mary had left town.,আমি যখন বললাম যে মেরি শহর ছেড়ে চলে গেছে টমকে দেখে সত্যিই বিস্মিত মনে হয়েছিলো।
I can place the palms of my hands on the floor without bending my knees.,আমি হাঁটু ভাজ না করে হাতের পাতা মাটিতে রাখতে পারি।
Tom stopped talking as soon as he noticed Mary wasn't listening anymore.,টম যখন দেখলো যে মেরি আর কথা শুনছে না তখন সে সঙ্গে সঙ্গে কথা বন্ধ করে দিলো।
Nepal is currently the only country with a non-rectangular national flag.,নেপালই একমাত্র দেশ যার জাতীয় পতকা আয়তাকার না।
"What is important is not how many books you read, but what books you read.",কতগুলো বই পড়ছেন তার চেয়ে কী বই পড়ছেন সেটা গুরুত্বপূর্ণ।
I was surprised that Tom didn't want to do what everyone else wanted to do.,আমি অবাক হয়েছিলাম যে টম অন্য সবাই যা করতে চায় তা করতে চায়নি।
"If you had left a little earlier, you would have avoided the heavy traffic.",আপনি আরেকটু আগে রওনা দিলে এত ট্রাফিক এড়াতে পারতেন।
"Since Tom was speaking in French, I couldn't understand what he was saying.","টম যেহেতু ফরাসি ভাষায় কথা বলছিলো, আমি ওর কথা কিছুই বুঝতে পারছিলাম না।"
Tom lives in a small apartment with his parents and three younger brothers.,টম তার বাবা-মা এবং তিন ছোট ভাইয়ের সাথে একটি ছোট অ্যাপার্টমেন্টে থাকে।
I was surprised that Tom didn't want to do what everybody else wanted to do.,আমি অবাক হয়েছিলাম যে টম অন্য সবাই যা করতে চায় তা করতে চায়নি।
One of the disadvantages of living alone is that you have no one to talk to.,একা থাকার একটা অসুবিধে হোলো যে কথা বলার মতো কেউ থাকে না।
"With all your money, you should be able to buy just about anything you want.",আপনার সমস্ত অর্থ দিয়ে আপনি যা চান তা কিনতে সক্ষম হওয়া উচিত।
It's so hot outside that I want to spend all day in my air conditioned house.,বাইরে এতই গরম যে আমি পুরোদিন আমার শীততাপ নিয়ন্ত্রিত বাড়িতে থাকতে চাই।
The sun rises in the east in the morning and sets in the west in the evening.,সকালে সূর্য পূর্ব দিকে ওঠে এবং সন্ধ্যায় পশ্চিমে অস্ত যায়।
I heard they found a skeleton buried in the basement of a house on Park Street.,আমি শুনলাম যে তাঁরা পার্ক স্ট্রিটের একটা বাড়ির ভিতের মধ্যে থেকে একটা কঙ্কাল পেয়েছেন।
Tom seemed quite surprised when he heard that Mary and John had gotten married.,টম যখন শুনলো যে মেরি আরে জন বিয়ে করেছে তখন তাকে দেখে বেশ অবাক মনে হয়েছিলো।
I think it's highly unlikely that Tom will be allowed to keep the gold that he found.,আমার মনে হয় টম যে সোনা পেয়েছে সেটা তার কাছে রাখতে দেওয়া হবে এমন সম্ভাবনা খুব কম।
"Tom told Mary that he was going to kill himself, but he didn't have the courage to do it.","টম মেরিকে বললো যে ও নিজেকে হত্যা করতে চলেছিলো, কিন্ত তা করার মতো সাহস ছিলো না।"
Tom's an irritating person to work with because he'll never admit it when he's made a mistake.,টমের সঙ্গে কাজ করা খুব বিরক্তিকর কারণ ও কখনই মেনে নেয় না যে ও ভুল করেছে।
"I thought doing this would be easy, but we've been working all day and we're still not finished.","আমি ভেবেছিলাম এটা করা সহজ হবে, কিন্তু আমরা সারাদিন ধরে কাজ করেছি আর এখনো শেষ করে উঠতে পারিনি।"
"I thought that doing this would be easy, but we've been working all day and we're still not finished.","আমি ভেবেছিলাম এটা করা সহজ হবে, কিন্তু আমরা সারাদিন ধরে কাজ করেছি আর এখনো শেষ করে উঠতে পারিনি।"
"January, February, March, April, May, June, July, August, September, October, November and December are the twelve months of the year.","বছরের বারোটা মাস হলো জানুয়ারি, ফেব্রুয়ারি, মার্চ, এপ্রিল, মে, জুন জুলাই, আগস্ট, সেপ্টেম্বর, অক্টোবর, নভেম্বর আর ডিসেম্বর।"
